date,city,region,lat,lon,AQI,PM2.5,PM10,SO2,NO2,CO,O3,quality_level,month,quarter,season
2024-01-01,北京,华北,39.9,116.4,195.4,68.7,115.5,13.7,34.3,1.37,92.4,中度污染,1,1,冬季
2024-01-02,北京,华北,39.9,116.4,146.4,58.1,74.2,11.6,29.0,1.16,59.3,轻度污染,1,1,冬季
2024-01-03,北京,华北,39.9,116.4,186.4,58.9,122.5,11.8,29.5,1.18,98.0,中度污染,1,1,冬季
2024-01-04,北京,华北,39.9,116.4,185.7,57.7,123.9,11.5,28.8,1.15,99.1,中度污染,1,1,冬季
2024-01-05,北京,华北,39.9,116.4,172.3,63.3,96.7,12.7,31.6,1.27,77.4,中度污染,1,1,冬季
2024-01-06,北京,华北,39.9,116.4,198.6,79.6,98.9,15.9,39.8,1.59,79.1,中度污染,1,1,冬季
2024-01-07,北京,华北,39.9,116.4,214.1,78.5,120.3,15.7,39.3,1.57,96.3,重度污染,1,1,冬季
2024-01-08,北京,华北,39.9,116.4,178.9,64.1,103.4,12.8,32.0,1.28,82.8,中度污染,1,1,冬季
2024-01-09,北京,华北,39.9,116.4,126.0,46.6,70.1,9.3,23.3,0.93,56.1,轻度污染,1,1,冬季
2024-01-10,北京,华北,39.9,116.4,201.2,77.3,106.6,15.5,38.6,1.55,85.3,重度污染,1,1,冬季
2024-01-11,北京,华北,39.9,116.4,165.9,56.0,102.3,11.2,28.0,1.12,81.8,中度污染,1,1,冬季
2024-01-12,北京,华北,39.9,116.4,213.4,70.9,133.8,14.2,35.5,1.42,107.0,重度污染,1,1,冬季
2024-01-13,北京,华北,39.9,116.4,119.4,46.6,61.9,9.3,23.3,0.93,49.5,轻度污染,1,1,冬季
2024-01-14,北京,华北,39.9,116.4,172.3,65.0,93.6,13.0,32.5,1.3,74.9,中度污染,1,1,冬季
2024-01-15,北京,华北,39.9,116.4,181.5,62.7,109.3,12.5,31.4,1.25,87.4,中度污染,1,1,冬季
2024-01-16,北京,华北,39.9,116.4,178.2,59.6,111.1,11.9,29.8,1.19,88.9,中度污染,1,1,冬季
2024-01-17,北京,华北,39.9,116.4,164.7,65.0,84.0,13.0,32.5,1.3,67.2,中度污染,1,1,冬季
2024-01-18,北京,华北,39.9,116.4,170.5,64.5,92.3,12.9,32.2,1.29,73.8,中度污染,1,1,冬季
2024-01-19,北京,华北,39.9,116.4,192.2,73.0,103.5,14.6,36.5,1.46,82.8,中度污染,1,1,冬季
2024-01-20,北京,华北,39.9,116.4,164.5,61.2,90.9,12.2,30.6,1.22,72.7,中度污染,1,1,冬季
2024-01-21,北京,华北,39.9,116.4,159.7,54.6,97.3,10.9,27.3,1.09,77.8,中度污染,1,1,冬季
2024-01-22,北京,华北,39.9,116.4,192.0,65.8,116.5,13.2,32.9,1.32,93.2,中度污染,1,1,冬季
2024-01-23,北京,华北,39.9,116.4,200.6,67.1,124.9,13.4,33.6,1.34,99.9,重度污染,1,1,冬季
2024-01-24,北京,华北,39.9,116.4,152.5,60.5,77.2,12.1,30.2,1.21,61.8,中度污染,1,1,冬季
2024-01-25,北京,华北,39.9,116.4,196.4,74.3,106.2,14.9,37.1,1.49,85.0,中度污染,1,1,冬季
2024-01-26,北京,华北,39.9,116.4,214.8,78.0,122.3,15.6,39.0,1.56,97.8,重度污染,1,1,冬季
2024-01-27,北京,华北,39.9,116.4,187.6,67.9,107.3,13.6,33.9,1.36,85.8,中度污染,1,1,冬季
2024-01-28,北京,华北,39.9,116.4,208.4,77.0,116.1,15.4,38.5,1.54,92.9,重度污染,1,1,冬季
2024-01-29,北京,华北,39.9,116.4,208.0,71.1,126.7,14.2,35.5,1.42,101.4,重度污染,1,1,冬季
2024-01-30,北京,华北,39.9,116.4,193.8,66.1,118.3,13.2,33.0,1.32,94.7,中度污染,1,1,冬季
2024-01-31,北京,华北,39.9,116.4,170.8,65.8,90.2,13.2,32.9,1.32,72.2,中度污染,1,1,冬季
2024-02-01,北京,华北,39.9,116.4,225.5,75.2,140.9,15.0,37.6,1.5,112.7,重度污染,2,1,冬季
2024-02-02,北京,华北,39.9,116.4,220.2,71.5,141.2,14.3,35.7,1.43,112.9,重度污染,2,1,冬季
2024-02-03,北京,华北,39.9,116.4,188.1,64.1,114.8,12.8,32.1,1.28,91.8,中度污染,2,1,冬季
2024-02-04,北京,华北,39.9,116.4,189.4,67.9,109.4,13.6,33.9,1.36,87.5,中度污染,2,1,冬季
2024-02-05,北京,华北,39.9,116.4,150.9,62.2,72.0,12.4,31.1,1.24,57.6,中度污染,2,1,冬季
2024-02-06,北京,华北,39.9,116.4,179.8,61.8,109.0,12.4,30.9,1.24,87.2,中度污染,2,1,冬季
2024-02-07,北京,华北,39.9,116.4,208.2,81.8,106.9,16.4,40.9,1.64,85.5,重度污染,2,1,冬季
2024-02-08,北京,华北,39.9,116.4,166.1,58.4,98.1,11.7,29.2,1.17,78.5,中度污染,2,1,冬季
2024-02-09,北京,华北,39.9,116.4,202.1,70.0,121.4,14.0,35.0,1.4,97.1,重度污染,2,1,冬季
2024-02-10,北京,华北,39.9,116.4,160.2,67.2,74.4,13.4,33.6,1.34,59.5,中度污染,2,1,冬季
2024-02-11,北京,华北,39.9,116.4,160.1,58.2,91.0,11.6,29.1,1.16,72.8,中度污染,2,1,冬季
2024-02-12,北京,华北,39.9,116.4,146.9,54.8,80.9,11.0,27.4,1.1,64.7,轻度污染,2,1,冬季
2024-02-13,北京,华北,39.9,116.4,234.4,87.7,128.5,17.5,43.8,1.75,102.8,重度污染,2,1,冬季
2024-02-14,北京,华北,39.9,116.4,200.8,75.0,110.3,15.0,37.5,1.5,88.2,重度污染,2,1,冬季
2024-02-15,北京,华北,39.9,116.4,199.8,76.1,107.1,15.2,38.0,1.52,85.7,中度污染,2,1,冬季
2024-02-16,北京,华北,39.9,116.4,163.7,60.1,91.9,12.0,30.1,1.2,73.5,中度污染,2,1,冬季
2024-02-17,北京,华北,39.9,116.4,167.8,66.1,85.8,13.2,33.0,1.32,68.7,中度污染,2,1,冬季
2024-02-18,北京,华北,39.9,116.4,166.7,64.8,86.9,13.0,32.4,1.3,69.5,中度污染,2,1,冬季
2024-02-19,北京,华北,39.9,116.4,170.3,66.4,88.2,13.3,33.2,1.33,70.6,中度污染,2,1,冬季
2024-02-20,北京,华北,39.9,116.4,150.7,55.3,84.7,11.1,27.6,1.11,67.8,中度污染,2,1,冬季
2024-02-21,北京,华北,39.9,116.4,159.0,60.0,86.3,12.0,30.0,1.2,69.0,中度污染,2,1,冬季
2024-02-22,北京,华北,39.9,116.4,150.9,60.1,76.0,12.0,30.1,1.2,60.8,中度污染,2,1,冬季
2024-02-23,北京,华北,39.9,116.4,127.0,56.0,53.7,11.2,28.0,1.12,42.9,轻度污染,2,1,冬季
2024-02-24,北京,华北,39.9,116.4,211.9,77.8,119.0,15.6,38.9,1.56,95.2,重度污染,2,1,冬季
2024-02-25,北京,华北,39.9,116.4,185.0,67.8,104.0,13.6,33.9,1.36,83.2,中度污染,2,1,冬季
2024-02-26,北京,华北,39.9,116.4,105.9,37.8,61.4,7.6,18.9,0.76,49.1,轻度污染,2,1,冬季
2024-02-27,北京,华北,39.9,116.4,195.7,80.4,93.8,16.1,40.2,1.61,75.1,中度污染,2,1,冬季
2024-02-28,北京,华北,39.9,116.4,201.2,75.2,110.5,15.0,37.6,1.5,88.4,重度污染,2,1,冬季
2024-02-29,北京,华北,39.9,116.4,142.8,56.6,72.3,11.3,28.3,1.13,57.9,轻度污染,2,1,冬季
2024-03-01,北京,华北,39.9,116.4,129.7,43.6,80.5,8.7,21.8,0.87,64.4,轻度污染,3,1,春季
2024-03-02,北京,华北,39.9,116.4,132.3,48.8,73.9,9.8,24.4,0.98,59.1,轻度污染,3,1,春季
2024-03-03,北京,华北,39.9,116.4,197.0,70.1,114.8,14.0,35.1,1.4,91.8,中度污染,3,1,春季
2024-03-04,北京,华北,39.9,116.4,155.3,59.1,83.3,11.8,29.6,1.18,66.6,中度污染,3,1,春季
2024-03-05,北京,华北,39.9,116.4,111.8,41.6,61.6,8.3,20.8,0.83,49.3,轻度污染,3,1,春季
2024-03-06,北京,华北,39.9,116.4,145.3,53.4,81.6,10.7,26.7,1.07,65.2,轻度污染,3,1,春季
2024-03-07,北京,华北,39.9,116.4,149.0,56.7,80.0,11.3,28.3,1.13,64.0,轻度污染,3,1,春季
2024-03-08,北京,华北,39.9,116.4,122.2,39.5,78.7,7.9,19.7,0.79,63.0,轻度污染,3,1,春季
2024-03-09,北京,华北,39.9,116.4,121.8,48.7,60.9,9.7,24.4,0.97,48.8,轻度污染,3,1,春季
2024-03-10,北京,华北,39.9,116.4,170.7,58.0,104.6,11.6,29.0,1.16,83.7,中度污染,3,1,春季
2024-03-11,北京,华北,39.9,116.4,141.7,53.8,76.1,10.8,26.9,1.08,60.9,轻度污染,3,1,春季
2024-03-12,北京,华北,39.9,116.4,130.0,43.9,80.2,8.8,21.9,0.88,64.1,轻度污染,3,1,春季
2024-03-13,北京,华北,39.9,116.4,164.6,57.9,97.2,11.6,29.0,1.16,77.7,中度污染,3,1,春季
2024-03-14,北京,华北,39.9,116.4,151.1,48.8,97.3,9.8,24.4,0.98,77.9,中度污染,3,1,春季
2024-03-15,北京,华北,39.9,116.4,134.5,45.3,83.2,9.1,22.7,0.91,66.5,轻度污染,3,1,春季
2024-03-16,北京,华北,39.9,116.4,173.3,53.6,116.1,10.7,26.8,1.07,92.9,中度污染,3,1,春季
2024-03-17,北京,华北,39.9,116.4,154.9,48.0,103.6,9.6,24.0,0.96,82.9,中度污染,3,1,春季
2024-03-18,北京,华北,39.9,116.4,87.7,41.6,31.6,8.3,20.8,0.83,25.3,良,3,1,春季
2024-03-19,北京,华北,39.9,116.4,161.5,60.2,89.0,12.0,30.1,1.2,71.2,中度污染,3,1,春季
2024-03-20,北京,华北,39.9,116.4,171.0,63.8,94.2,12.8,31.9,1.28,75.3,中度污染,3,1,春季
2024-03-21,北京,华北,39.9,116.4,121.1,48.1,61.1,9.6,24.1,0.96,48.9,轻度污染,3,1,春季
2024-03-22,北京,华北,39.9,116.4,122.3,38.2,81.3,7.6,19.1,0.76,65.0,轻度污染,3,1,春季
2024-03-23,北京,华北,39.9,116.4,128.9,46.3,74.3,9.3,23.2,0.93,59.4,轻度污染,3,1,春季
2024-03-24,北京,华北,39.9,116.4,88.0,35.7,43.0,7.1,17.9,0.71,34.4,良,3,1,春季
2024-03-25,北京,华北,39.9,116.4,127.5,45.0,75.1,9.0,22.5,0.9,60.1,轻度污染,3,1,春季
2024-03-26,北京,华北,39.9,116.4,176.0,62.6,102.7,12.5,31.3,1.25,82.2,中度污染,3,1,春季
2024-03-27,北京,华北,39.9,116.4,137.2,46.7,83.9,9.3,23.3,0.93,67.1,轻度污染,3,1,春季
2024-03-28,北京,华北,39.9,116.4,39.5,21.0,10.0,4.2,10.5,0.42,8.0,优,3,1,春季
2024-03-29,北京,华北,39.9,116.4,187.7,67.2,108.5,13.4,33.6,1.34,86.8,中度污染,3,1,春季
2024-03-30,北京,华北,39.9,116.4,165.7,58.8,97.0,11.8,29.4,1.18,77.6,中度污染,3,1,春季
2024-03-31,北京,华北,39.9,116.4,164.6,63.3,87.2,12.7,31.6,1.27,69.8,中度污染,3,1,春季
2024-04-01,北京,华北,39.9,116.4,153.4,52.7,92.9,10.5,26.4,1.05,74.3,中度污染,4,2,春季
2024-04-02,北京,华北,39.9,116.4,94.2,33.9,54.3,6.8,16.9,0.68,43.4,良,4,2,春季
2024-04-03,北京,华北,39.9,116.4,142.4,55.1,74.6,11.0,27.6,1.1,59.7,轻度污染,4,2,春季
2024-04-04,北京,华北,39.9,116.4,174.6,64.6,97.0,12.9,32.3,1.29,77.6,中度污染,4,2,春季
2024-04-05,北京,华北,39.9,116.4,97.9,35.6,55.6,7.1,17.8,0.71,44.5,良,4,2,春季
2024-04-06,北京,华北,39.9,116.4,157.1,52.3,98.3,10.5,26.2,1.05,78.6,中度污染,4,2,春季
2024-04-07,北京,华北,39.9,116.4,120.8,51.1,55.1,10.2,25.6,1.02,44.1,轻度污染,4,2,春季
2024-04-08,北京,华北,39.9,116.4,95.5,32.3,58.7,6.5,16.2,0.65,46.9,良,4,2,春季
2024-04-09,北京,华北,39.9,116.4,148.8,51.7,89.0,10.3,25.9,1.03,71.2,轻度污染,4,2,春季
2024-04-10,北京,华北,39.9,116.4,142.4,55.2,74.4,11.0,27.6,1.1,59.5,轻度污染,4,2,春季
2024-04-11,北京,华北,39.9,116.4,154.3,49.9,99.4,10.0,25.0,1.0,79.5,中度污染,4,2,春季
2024-04-12,北京,华北,39.9,116.4,113.3,42.2,62.4,8.4,21.1,0.84,49.9,轻度污染,4,2,春季
2024-04-13,北京,华北,39.9,116.4,129.3,49.8,68.3,10.0,24.9,1.0,54.6,轻度污染,4,2,春季
2024-04-14,北京,华北,39.9,116.4,92.8,33.8,52.6,6.8,16.9,0.68,42.1,良,4,2,春季
2024-04-15,北京,华北,39.9,116.4,160.6,49.3,108.2,9.9,24.7,0.99,86.6,中度污染,4,2,春季
2024-04-16,北京,华北,39.9,116.4,123.5,50.2,60.3,10.0,25.1,1.0,48.2,轻度污染,4,2,春季
2024-04-17,北京,华北,39.9,116.4,143.4,49.9,85.7,10.0,24.9,1.0,68.6,轻度污染,4,2,春季
2024-04-18,北京,华北,39.9,116.4,122.4,45.4,67.9,9.1,22.7,0.91,54.3,轻度污染,4,2,春季
2024-04-19,北京,华北,39.9,116.4,133.3,48.4,75.8,9.7,24.2,0.97,60.7,轻度污染,4,2,春季
2024-04-20,北京,华北,39.9,116.4,126.9,51.0,62.9,10.2,25.5,1.02,50.3,轻度污染,4,2,春季
2024-04-21,北京,华北,39.9,116.4,104.8,34.9,65.7,7.0,17.4,0.7,52.5,轻度污染,4,2,春季
2024-04-22,北京,华北,39.9,116.4,35.3,17.6,11.1,3.5,8.8,0.35,8.9,优,4,2,春季
2024-04-23,北京,华北,39.9,116.4,27.0,11.2,12.7,2.2,5.6,0.22,10.1,优,4,2,春季
2024-04-24,北京,华北,39.9,116.4,158.5,57.0,91.3,11.4,28.5,1.14,73.0,中度污染,4,2,春季
2024-04-25,北京,华北,39.9,116.4,174.8,61.3,103.5,12.3,30.7,1.23,82.8,中度污染,4,2,春季
2024-04-26,北京,华北,39.9,116.4,176.7,55.9,116.2,11.2,27.9,1.12,92.9,中度污染,4,2,春季
2024-04-27,北京,华北,39.9,116.4,49.2,15.1,33.3,3.0,7.5,0.3,26.6,优,4,2,春季
2024-04-28,北京,华北,39.9,116.4,145.5,55.8,77.2,11.2,27.9,1.12,61.8,轻度污染,4,2,春季
2024-04-29,北京,华北,39.9,116.4,87.5,30.4,52.4,6.1,15.2,0.61,42.0,良,4,2,春季
2024-04-30,北京,华北,39.9,116.4,135.0,51.9,71.5,10.4,25.9,1.04,57.2,轻度污染,4,2,春季
2024-05-01,北京,华北,39.9,116.4,130.8,59.4,52.2,11.9,29.7,1.19,41.8,轻度污染,5,2,春季
2024-05-02,北京,华北,39.9,116.4,147.2,57.1,76.9,11.4,28.6,1.14,61.5,轻度污染,5,2,春季
2024-05-03,北京,华北,39.9,116.4,149.9,58.9,77.0,11.8,29.4,1.18,61.6,轻度污染,5,2,春季
2024-05-04,北京,华北,39.9,116.4,127.0,47.6,69.6,9.5,23.8,0.95,55.7,轻度污染,5,2,春季
2024-05-05,北京,华北,39.9,116.4,139.7,52.1,77.0,10.4,26.0,1.04,61.6,轻度污染,5,2,春季
2024-05-06,北京,华北,39.9,116.4,198.9,61.8,132.8,12.4,30.9,1.24,106.2,中度污染,5,2,春季
2024-05-07,北京,华北,39.9,116.4,134.1,53.0,68.3,10.6,26.5,1.06,54.6,轻度污染,5,2,春季
2024-05-08,北京,华北,39.9,116.4,176.1,65.0,98.3,13.0,32.5,1.3,78.6,中度污染,5,2,春季
2024-05-09,北京,华北,39.9,116.4,142.7,53.8,77.5,10.8,26.9,1.08,62.0,轻度污染,5,2,春季
2024-05-10,北京,华北,39.9,116.4,103.1,30.5,71.8,6.1,15.2,0.61,57.4,轻度污染,5,2,春季
2024-05-11,北京,华北,39.9,116.4,179.8,69.6,94.2,13.9,34.8,1.39,75.4,中度污染,5,2,春季
2024-05-12,北京,华北,39.9,116.4,124.2,46.8,67.4,9.4,23.4,0.94,53.9,轻度污染,5,2,春季
2024-05-13,北京,华北,39.9,116.4,75.4,27.9,41.9,5.6,14.0,0.56,33.5,良,5,2,春季
2024-05-14,北京,华北,39.9,116.4,210.9,75.1,122.9,15.0,37.5,1.5,98.3,重度污染,5,2,春季
2024-05-15,北京,华北,39.9,116.4,132.3,53.9,64.3,10.8,27.0,1.08,51.5,轻度污染,5,2,春季
2024-05-16,北京,华北,39.9,116.4,143.5,52.3,81.2,10.5,26.2,1.05,65.0,轻度污染,5,2,春季
2024-05-17,北京,华北,39.9,116.4,101.5,42.7,46.8,8.5,21.4,0.85,37.5,轻度污染,5,2,春季
2024-05-18,北京,华北,39.9,116.4,161.9,62.2,85.7,12.4,31.1,1.24,68.5,中度污染,5,2,春季
2024-05-19,北京,华北,39.9,116.4,34.4,10.9,22.5,2.2,5.5,0.22,18.0,优,5,2,春季
2024-05-20,北京,华北,39.9,116.4,130.8,42.4,84.1,8.5,21.2,0.85,67.3,轻度污染,5,2,春季
2024-05-21,北京,华北,39.9,116.4,151.1,52.3,91.0,10.5,26.1,1.05,72.8,中度污染,5,2,春季
2024-05-22,北京,华北,39.9,116.4,146.9,58.6,73.7,11.7,29.3,1.17,59.0,轻度污染,5,2,春季
2024-05-23,北京,华北,39.9,116.4,144.8,50.5,86.2,10.1,25.3,1.01,69.0,轻度污染,5,2,春季
2024-05-24,北京,华北,39.9,116.4,162.2,50.3,108.4,10.1,25.2,1.01,86.7,中度污染,5,2,春季
2024-05-25,北京,华北,39.9,116.4,44.1,20.6,16.5,4.1,10.3,0.41,13.2,优,5,2,春季
2024-05-26,北京,华北,39.9,116.4,194.8,64.2,123.2,12.8,32.1,1.28,98.6,中度污染,5,2,春季
2024-05-27,北京,华北,39.9,116.4,129.8,46.6,74.8,9.3,23.3,0.93,59.8,轻度污染,5,2,春季
2024-05-28,北京,华北,39.9,116.4,159.8,56.9,93.1,11.4,28.4,1.14,74.5,中度污染,5,2,春季
2024-05-29,北京,华北,39.9,116.4,130.9,50.7,68.6,10.1,25.3,1.01,54.9,轻度污染,5,2,春季
2024-05-30,北京,华北,39.9,116.4,173.6,61.5,101.6,12.3,30.8,1.23,81.3,中度污染,5,2,春季
2024-05-31,北京,华北,39.9,116.4,63.5,34.3,14.9,6.9,17.2,0.69,12.0,良,5,2,春季
2024-06-01,北京,华北,39.9,116.4,54.4,16.0,38.1,3.2,8.0,0.32,30.5,良,6,2,夏季
2024-06-02,北京,华北,39.9,116.4,89.7,35.4,45.8,7.1,17.7,0.71,36.7,良,6,2,夏季
2024-06-03,北京,华北,39.9,116.4,115.9,45.8,59.0,9.2,22.9,0.92,47.2,轻度污染,6,2,夏季
2024-06-04,北京,华北,39.9,116.4,43.5,23.7,10.0,4.7,11.8,0.47,8.0,优,6,2,夏季
2024-06-05,北京,华北,39.9,116.4,130.9,47.3,74.8,9.5,23.7,0.95,59.8,轻度污染,6,2,夏季
2024-06-06,北京,华北,39.9,116.4,100.4,39.5,51.5,7.9,19.8,0.79,41.2,轻度污染,6,2,夏季
2024-06-07,北京,华北,39.9,116.4,95.3,32.8,57.6,6.6,16.4,0.66,46.1,良,6,2,夏季
2024-06-08,北京,华北,39.9,116.4,90.6,33.0,51.4,6.6,16.5,0.66,41.1,良,6,2,夏季
2024-06-09,北京,华北,39.9,116.4,68.7,24.3,40.2,4.9,12.2,0.49,32.2,良,6,2,夏季
2024-06-10,北京,华北,39.9,116.4,105.7,31.1,73.7,6.2,15.6,0.62,59.0,轻度污染,6,2,夏季
2024-06-11,北京,华北,39.9,116.4,109.9,47.1,49.1,9.4,23.5,0.94,39.3,轻度污染,6,2,夏季
2024-06-12,北京,华北,39.9,116.4,102.4,38.1,56.5,7.6,19.1,0.76,45.2,轻度污染,6,2,夏季
2024-06-13,北京,华北,39.9,116.4,52.3,25.2,18.1,5.0,12.6,0.5,14.4,良,6,2,夏季
2024-06-14,北京,华北,39.9,116.4,73.3,23.5,47.6,4.7,11.8,0.47,38.1,良,6,2,夏季
2024-06-15,北京,华北,39.9,116.4,78.2,21.5,57.5,4.3,10.7,0.43,46.0,良,6,2,夏季
2024-06-16,北京,华北,39.9,116.4,59.8,25.1,27.7,5.0,12.6,0.5,22.1,良,6,2,夏季
2024-06-17,北京,华北,39.9,116.4,98.0,33.3,59.9,6.7,16.7,0.67,47.9,良,6,2,夏季
2024-06-18,北京,华北,39.9,116.4,119.2,43.7,67.0,8.7,21.9,0.87,53.6,轻度污染,6,2,夏季
2024-06-19,北京,华北,39.9,116.4,110.6,40.5,62.3,8.1,20.3,0.81,49.8,轻度污染,6,2,夏季
2024-06-20,北京,华北,39.9,116.4,152.2,50.3,96.0,10.1,25.1,1.01,76.8,中度污染,6,2,夏季
2024-06-21,北京,华北,39.9,116.4,54.6,21.3,28.2,4.3,10.7,0.43,22.6,良,6,2,夏季
2024-06-22,北京,华北,39.9,116.4,114.7,43.9,61.0,8.8,22.0,0.88,48.8,轻度污染,6,2,夏季
2024-06-23,北京,华北,39.9,116.4,120.7,41.5,72.9,8.3,20.8,0.83,58.4,轻度污染,6,2,夏季
2024-06-24,北京,华北,39.9,116.4,90.4,26.0,64.3,5.2,13.0,0.52,51.4,良,6,2,夏季
2024-06-25,北京,华北,39.9,116.4,128.6,47.5,71.7,9.5,23.7,0.95,57.4,轻度污染,6,2,夏季
2024-06-26,北京,华北,39.9,116.4,59.4,21.2,34.5,4.2,10.6,0.42,27.6,良,6,2,夏季
2024-06-27,北京,华北,39.9,116.4,52.9,19.8,28.9,4.0,9.9,0.4,23.1,良,6,2,夏季
2024-06-28,北京,华北,39.9,116.4,98.7,37.2,53.7,7.4,18.6,0.74,42.9,良,6,2,夏季
2024-06-29,北京,华北,39.9,116.4,145.6,47.7,92.5,9.5,23.9,0.95,74.0,轻度污染,6,2,夏季
2024-06-30,北京,华北,39.9,116.4,93.2,36.9,47.3,7.4,18.4,0.74,37.9,良,6,2,夏季
2024-07-01,北京,华北,39.9,116.4,72.0,26.7,39.8,5.3,13.4,0.53,31.9,良,7,3,夏季
2024-07-02,北京,华北,39.9,116.4,78.2,31.1,39.4,6.2,15.6,0.62,31.5,良,7,3,夏季
2024-07-03,北京,华北,39.9,116.4,112.0,36.2,72.0,7.2,18.1,0.72,57.6,轻度污染,7,3,夏季
2024-07-04,北京,华北,39.9,116.4,70.4,22.9,45.1,4.6,11.5,0.46,36.1,良,7,3,夏季
2024-07-05,北京,华北,39.9,116.4,62.3,21.2,38.1,4.2,10.6,0.42,30.5,良,7,3,夏季
2024-07-06,北京,华北,39.9,116.4,75.1,29.0,39.6,5.8,14.5,0.58,31.6,良,7,3,夏季
2024-07-07,北京,华北,39.9,116.4,101.8,39.6,53.0,7.9,19.8,0.79,42.4,轻度污染,7,3,夏季
2024-07-08,北京,华北,39.9,116.4,88.9,25.2,64.0,5.0,12.6,0.5,51.2,良,7,3,夏季
2024-07-09,北京,华北,39.9,116.4,73.9,25.2,45.1,5.0,12.6,0.5,36.0,良,7,3,夏季
2024-07-10,北京,华北,39.9,116.4,133.9,47.2,78.9,9.4,23.6,0.94,63.1,轻度污染,7,3,夏季
2024-07-11,北京,华北,39.9,116.4,88.9,36.8,42.0,7.4,18.4,0.74,33.6,良,7,3,夏季
2024-07-12,北京,华北,39.9,116.4,15.8,5.2,10.0,1.0,2.6,0.1,8.0,优,7,3,夏季
2024-07-13,北京,华北,39.9,116.4,25.3,11.5,10.0,2.3,5.8,0.23,8.0,优,7,3,夏季
2024-07-14,北京,华北,39.9,116.4,135.8,50.7,74.8,10.1,25.3,1.01,59.8,轻度污染,7,3,夏季
2024-07-15,北京,华北,39.9,116.4,165.2,62.0,90.2,12.4,31.0,1.24,72.1,中度污染,7,3,夏季
2024-07-16,北京,华北,39.9,116.4,62.9,26.8,28.4,5.4,13.4,0.54,22.7,良,7,3,夏季
2024-07-17,北京,华北,39.9,116.4,155.2,53.7,93.3,10.7,26.9,1.07,74.6,中度污染,7,3,夏季
2024-07-18,北京,华北,39.9,116.4,128.7,47.9,71.1,9.6,24.0,0.96,56.8,轻度污染,7,3,夏季
2024-07-19,北京,华北,39.9,116.4,44.9,22.0,14.9,4.4,11.0,0.44,11.9,优,7,3,夏季
2024-07-20,北京,华北,39.9,116.4,113.8,46.0,56.0,9.2,23.0,0.92,44.8,轻度污染,7,3,夏季
2024-07-21,北京,华北,39.9,116.4,72.0,29.9,33.8,6.0,15.0,0.6,27.1,良,7,3,夏季
2024-07-22,北京,华北,39.9,116.4,103.9,43.6,48.1,8.7,21.8,0.87,38.5,轻度污染,7,3,夏季
2024-07-23,北京,华北,39.9,116.4,83.8,32.2,44.3,6.4,16.1,0.64,35.5,良,7,3,夏季
2024-07-24,北京,华北,39.9,116.4,15.5,5.0,10.0,1.0,2.5,0.1,8.0,优,7,3,夏季
2024-07-25,北京,华北,39.9,116.4,87.5,31.1,51.1,6.2,15.5,0.62,40.9,良,7,3,夏季
2024-07-26,北京,华北,39.9,116.4,110.9,43.1,57.9,8.6,21.5,0.86,46.3,轻度污染,7,3,夏季
2024-07-27,北京,华北,39.9,116.4,82.3,31.5,43.9,6.3,15.7,0.63,35.1,良,7,3,夏季
2024-07-28,北京,华北,39.9,116.4,96.0,32.9,58.4,6.6,16.4,0.66,46.7,良,7,3,夏季
2024-07-29,北京,华北,39.9,116.4,128.1,49.3,67.6,9.9,24.7,0.99,54.1,轻度污染,7,3,夏季
2024-07-30,北京,华北,39.9,116.4,78.1,20.3,59.7,4.1,10.1,0.41,47.7,良,7,3,夏季
2024-07-31,北京,华北,39.9,116.4,70.7,31.4,29.6,6.3,15.7,0.63,23.6,良,7,3,夏季
2024-08-01,北京,华北,39.9,116.4,82.3,23.1,59.5,4.6,11.6,0.46,47.6,良,8,3,夏季
2024-08-02,北京,华北,39.9,116.4,60.1,22.0,34.0,4.4,11.0,0.44,27.2,良,8,3,夏季
2024-08-03,北京,华北,39.9,116.4,30.3,12.9,13.6,2.6,6.5,0.26,10.9,优,8,3,夏季
2024-08-04,北京,华北,39.9,116.4,68.9,28.0,33.7,5.6,14.0,0.56,26.9,良,8,3,夏季
2024-08-05,北京,华北,39.9,116.4,128.0,41.5,82.1,8.3,20.8,0.83,65.7,轻度污染,8,3,夏季
2024-08-06,北京,华北,39.9,116.4,77.4,28.1,43.9,5.6,14.1,0.56,35.1,良,8,3,夏季
2024-08-07,北京,华北,39.9,116.4,52.9,20.3,28.1,4.1,10.2,0.41,22.5,良,8,3,夏季
2024-08-08,北京,华北,39.9,116.4,91.3,35.0,48.5,7.0,17.5,0.7,38.8,良,8,3,夏季
2024-08-09,北京,华北,39.9,116.4,15.5,5.0,10.0,1.0,2.5,0.1,8.0,优,8,3,夏季
2024-08-10,北京,华北,39.9,116.4,35.3,18.2,10.0,3.6,9.1,0.36,8.0,优,8,3,夏季
2024-08-11,北京,华北,39.9,116.4,74.5,28.6,39.4,5.7,14.3,0.57,31.6,良,8,3,夏季
2024-08-12,北京,华北,39.9,116.4,68.0,22.6,42.5,4.5,11.3,0.45,34.0,良,8,3,夏季
2024-08-13,北京,华北,39.9,116.4,95.8,33.1,57.7,6.6,16.6,0.66,46.1,良,8,3,夏季
2024-08-14,北京,华北,39.9,116.4,110.5,40.0,63.1,8.0,20.0,0.8,50.5,轻度污染,8,3,夏季
2024-08-15,北京,华北,39.9,116.4,65.3,24.6,35.6,4.9,12.3,0.49,28.5,良,8,3,夏季
2024-08-16,北京,华北,39.9,116.4,35.9,18.6,10.0,3.7,9.3,0.37,8.0,优,8,3,夏季
2024-08-17,北京,华北,39.9,116.4,74.3,31.6,33.6,6.3,15.8,0.63,26.9,良,8,3,夏季
2024-08-18,北京,华北,39.9,116.4,41.0,18.9,15.8,3.8,9.4,0.38,12.6,优,8,3,夏季
2024-08-19,北京,华北,39.9,116.4,32.3,13.7,14.8,2.7,6.8,0.27,11.8,优,8,3,夏季
2024-08-20,北京,华北,39.9,116.4,81.5,29.6,46.4,5.9,14.8,0.59,37.2,良,8,3,夏季
2024-08-21,北京,华北,39.9,116.4,125.9,39.0,84.3,7.8,19.5,0.78,67.4,轻度污染,8,3,夏季
2024-08-22,北京,华北,39.9,116.4,113.1,44.9,57.2,9.0,22.5,0.9,45.8,轻度污染,8,3,夏季
2024-08-23,北京,华北,39.9,116.4,60.9,35.3,10.0,7.1,17.6,0.71,8.0,良,8,3,夏季
2024-08-24,北京,华北,39.9,116.4,111.6,42.9,59.1,8.6,21.4,0.86,47.3,轻度污染,8,3,夏季
2024-08-25,北京,华北,39.9,116.4,48.7,13.2,36.1,2.6,6.6,0.26,28.9,优,8,3,夏季
2024-08-26,北京,华北,39.9,116.4,20.6,5.0,16.4,1.0,2.5,0.1,13.1,优,8,3,夏季
2024-08-27,北京,华北,39.9,116.4,36.0,18.7,10.0,3.7,9.3,0.37,8.0,优,8,3,夏季
2024-08-28,北京,华北,39.9,116.4,94.2,32.9,56.2,6.6,16.4,0.66,45.0,良,8,3,夏季
2024-08-29,北京,华北,39.9,116.4,77.2,32.2,36.0,6.4,16.1,0.64,28.8,良,8,3,夏季
2024-08-30,北京,华北,39.9,116.4,63.0,25.1,31.6,5.0,12.5,0.5,25.3,良,8,3,夏季
2024-08-31,北京,华北,39.9,116.4,38.2,19.1,12.0,3.8,9.6,0.38,9.6,优,8,3,夏季
2024-09-01,北京,华北,39.9,116.4,108.6,38.8,62.9,7.8,19.4,0.78,50.4,轻度污染,9,3,秋季
2024-09-02,北京,华北,39.9,116.4,138.8,52.9,74.3,10.6,26.5,1.06,59.4,轻度污染,9,3,秋季
2024-09-03,北京,华北,39.9,116.4,167.5,63.3,90.7,12.7,31.6,1.27,72.6,中度污染,9,3,秋季
2024-09-04,北京,华北,39.9,116.4,102.3,43.7,45.9,8.7,21.9,0.87,36.7,轻度污染,9,3,秋季
2024-09-05,北京,华北,39.9,116.4,111.9,45.1,55.3,9.0,22.6,0.9,44.2,轻度污染,9,3,秋季
2024-09-06,北京,华北,39.9,116.4,182.0,72.3,92.0,14.5,36.1,1.45,73.6,中度污染,9,3,秋季
2024-09-07,北京,华北,39.9,116.4,62.9,17.2,46.4,3.4,8.6,0.34,37.1,良,9,3,秋季
2024-09-08,北京,华北,39.9,116.4,93.5,36.5,48.4,7.3,18.2,0.73,38.7,良,9,3,秋季
2024-09-09,北京,华北,39.9,116.4,39.7,21.1,10.0,4.2,10.6,0.42,8.0,优,9,3,秋季
2024-09-10,北京,华北,39.9,116.4,130.2,48.4,72.1,9.7,24.2,0.97,57.6,轻度污染,9,3,秋季
2024-09-11,北京,华北,39.9,116.4,106.9,42.5,53.9,8.5,21.3,0.85,43.1,轻度污染,9,3,秋季
2024-09-12,北京,华北,39.9,116.4,130.0,51.1,66.7,10.2,25.6,1.02,53.3,轻度污染,9,3,秋季
2024-09-13,北京,华北,39.9,116.4,120.3,47.4,61.5,9.5,23.7,0.95,49.2,轻度污染,9,3,秋季
2024-09-14,北京,华北,39.9,116.4,198.7,67.2,122.4,13.4,33.6,1.34,97.9,中度污染,9,3,秋季
2024-09-15,北京,华北,39.9,116.4,111.8,42.7,59.8,8.5,21.3,0.85,47.8,轻度污染,9,3,秋季
2024-09-16,北京,华北,39.9,116.4,149.2,53.5,86.2,10.7,26.8,1.07,68.9,轻度污染,9,3,秋季
2024-09-17,北京,华北,39.9,116.4,81.0,33.6,38.3,6.7,16.8,0.67,30.6,良,9,3,秋季
2024-09-18,北京,华北,39.9,116.4,116.1,40.2,69.7,8.0,20.1,0.8,55.8,轻度污染,9,3,秋季
2024-09-19,北京,华北,39.9,116.4,127.6,53.0,60.1,10.6,26.5,1.06,48.0,轻度污染,9,3,秋季
2024-09-20,北京,华北,39.9,116.4,138.4,44.5,89.5,8.9,22.3,0.89,71.6,轻度污染,9,3,秋季
2024-09-21,北京,华北,39.9,116.4,112.6,37.2,70.9,7.4,18.6,0.74,56.7,轻度污染,9,3,秋季
2024-09-22,北京,华北,39.9,116.4,138.7,49.4,80.8,9.9,24.7,0.99,64.6,轻度污染,9,3,秋季
2024-09-23,北京,华北,39.9,116.4,120.3,42.8,70.0,8.6,21.4,0.86,56.0,轻度污染,9,3,秋季
2024-09-24,北京,华北,39.9,116.4,152.6,59.6,78.9,11.9,29.8,1.19,63.2,中度污染,9,3,秋季
2024-09-25,北京,华北,39.9,116.4,167.7,61.6,94.0,12.3,30.8,1.23,75.2,中度污染,9,3,秋季
2024-09-26,北京,华北,39.9,116.4,128.7,44.6,77.4,8.9,22.3,0.89,61.9,轻度污染,9,3,秋季
2024-09-27,北京,华北,39.9,116.4,66.5,26.9,32.7,5.4,13.4,0.54,26.1,良,9,3,秋季
2024-09-28,北京,华北,39.9,116.4,172.4,62.3,98.7,12.5,31.1,1.25,78.9,中度污染,9,3,秋季
2024-09-29,北京,华北,39.9,116.4,32.3,16.2,10.0,3.2,8.1,0.32,8.0,优,9,3,秋季
2024-09-30,北京,华北,39.9,116.4,142.4,44.9,93.8,9.0,22.4,0.9,75.0,轻度污染,9,3,秋季
2024-10-01,北京,华北,39.9,116.4,158.8,59.5,87.0,11.9,29.7,1.19,69.6,中度污染,10,4,秋季
2024-10-02,北京,华北,39.9,116.4,117.2,45.1,61.9,9.0,22.5,0.9,49.5,轻度污染,10,4,秋季
2024-10-03,北京,华北,39.9,116.4,112.2,44.8,56.3,9.0,22.4,0.9,45.1,轻度污染,10,4,秋季
2024-10-04,北京,华北,39.9,116.4,170.2,63.7,93.3,12.7,31.9,1.27,74.6,中度污染,10,4,秋季
2024-10-05,北京,华北,39.9,116.4,119.0,47.6,59.5,9.5,23.8,0.95,47.6,轻度污染,10,4,秋季
2024-10-06,北京,华北,39.9,116.4,118.5,44.7,64.3,8.9,22.3,0.89,51.5,轻度污染,10,4,秋季
2024-10-07,北京,华北,39.9,116.4,105.4,37.3,61.9,7.5,18.6,0.75,49.5,轻度污染,10,4,秋季
2024-10-08,北京,华北,39.9,116.4,108.6,38.3,64.0,7.7,19.1,0.77,51.2,轻度污染,10,4,秋季
2024-10-09,北京,华北,39.9,116.4,174.4,60.0,105.4,12.0,30.0,1.2,84.3,中度污染,10,4,秋季
2024-10-10,北京,华北,39.9,116.4,200.1,62.4,133.0,12.5,31.2,1.25,106.4,重度污染,10,4,秋季
2024-10-11,北京,华北,39.9,116.4,107.8,50.6,39.8,10.1,25.3,1.01,31.8,轻度污染,10,4,秋季
2024-10-12,北京,华北,39.9,116.4,107.7,38.8,61.8,7.8,19.4,0.78,49.5,轻度污染,10,4,秋季
2024-10-13,北京,华北,39.9,116.4,134.8,58.9,58.1,11.8,29.4,1.18,46.5,轻度污染,10,4,秋季
2024-10-14,北京,华北,39.9,116.4,159.0,58.8,88.5,11.8,29.4,1.18,70.8,中度污染,10,4,秋季
2024-10-15,北京,华北,39.9,116.4,177.3,55.2,118.2,11.0,27.6,1.1,94.6,中度污染,10,4,秋季
2024-10-16,北京,华北,39.9,116.4,129.7,57.1,55.0,11.4,28.6,1.14,44.0,轻度污染,10,4,秋季
2024-10-17,北京,华北,39.9,116.4,57.9,21.6,31.8,4.3,10.8,0.43,25.5,良,10,4,秋季
2024-10-18,北京,华北,39.9,116.4,99.4,35.7,57.2,7.1,17.9,0.71,45.8,良,10,4,秋季
2024-10-19,北京,华北,39.9,116.4,160.0,56.5,94.1,11.3,28.2,1.13,75.3,中度污染,10,4,秋季
2024-10-20,北京,华北,39.9,116.4,109.0,41.4,58.5,8.3,20.7,0.83,46.8,轻度污染,10,4,秋季
2024-10-21,北京,华北,39.9,116.4,110.9,55.6,34.3,11.1,27.8,1.11,27.5,轻度污染,10,4,秋季
2024-10-22,北京,华北,39.9,116.4,105.5,37.7,61.1,7.5,18.9,0.75,48.8,轻度污染,10,4,秋季
2024-10-23,北京,华北,39.9,116.4,131.2,60.8,49.9,12.2,30.4,1.22,39.9,轻度污染,10,4,秋季
2024-10-24,北京,华北,39.9,116.4,141.4,56.4,70.9,11.3,28.2,1.13,56.7,轻度污染,10,4,秋季
2024-10-25,北京,华北,39.9,116.4,152.2,58.5,80.6,11.7,29.3,1.17,64.5,中度污染,10,4,秋季
2024-10-26,北京,华北,39.9,116.4,157.4,53.3,96.8,10.7,26.7,1.07,77.4,中度污染,10,4,秋季
2024-10-27,北京,华北,39.9,116.4,125.0,47.9,66.5,9.6,23.9,0.96,53.2,轻度污染,10,4,秋季
2024-10-28,北京,华北,39.9,116.4,149.5,46.4,99.8,9.3,23.2,0.93,79.9,轻度污染,10,4,秋季
2024-10-29,北京,华北,39.9,116.4,140.6,47.6,86.5,9.5,23.8,0.95,69.2,轻度污染,10,4,秋季
2024-10-30,北京,华北,39.9,116.4,114.4,38.4,71.1,7.7,19.2,0.77,56.9,轻度污染,10,4,秋季
2024-10-31,北京,华北,39.9,116.4,99.2,35.9,56.6,7.2,18.0,0.72,45.3,良,10,4,秋季
2024-11-01,北京,华北,39.9,116.4,136.5,44.5,87.2,8.9,22.3,0.89,69.8,轻度污染,11,4,秋季
2024-11-02,北京,华北,39.9,116.4,59.7,22.7,32.1,4.5,11.3,0.45,25.7,良,11,4,秋季
2024-11-03,北京,华北,39.9,116.4,72.6,29.9,34.6,6.0,15.0,0.6,27.7,良,11,4,秋季
2024-11-04,北京,华北,39.9,116.4,156.8,58.0,87.2,11.6,29.0,1.16,69.8,中度污染,11,4,秋季
2024-11-05,北京,华北,39.9,116.4,113.7,50.2,48.0,10.0,25.1,1.0,38.4,轻度污染,11,4,秋季
2024-11-06,北京,华北,39.9,116.4,168.1,60.9,96.1,12.2,30.4,1.22,76.8,中度污染,11,4,秋季
2024-11-07,北京,华北,39.9,116.4,151.4,56.1,84.1,11.2,28.1,1.12,67.3,中度污染,11,4,秋季
2024-11-08,北京,华北,39.9,116.4,154.4,59.8,80.9,12.0,29.9,1.2,64.7,中度污染,11,4,秋季
2024-11-09,北京,华北,39.9,116.4,97.9,35.1,56.7,7.0,17.5,0.7,45.3,良,11,4,秋季
2024-11-10,北京,华北,39.9,116.4,91.8,34.1,50.8,6.8,17.1,0.68,40.6,良,11,4,秋季
2024-11-11,北京,华北,39.9,116.4,126.6,52.5,59.7,10.5,26.3,1.05,47.8,轻度污染,11,4,秋季
2024-11-12,北京,华北,39.9,116.4,119.3,47.2,60.6,9.4,23.6,0.94,48.5,轻度污染,11,4,秋季
2024-11-13,北京,华北,39.9,116.4,74.1,26.2,43.4,5.2,13.1,0.52,34.7,良,11,4,秋季
2024-11-14,北京,华北,39.9,116.4,79.5,28.4,46.1,5.7,14.2,0.57,36.9,良,11,4,秋季
2024-11-15,北京,华北,39.9,116.4,139.5,53.9,73.3,10.8,27.0,1.08,58.6,轻度污染,11,4,秋季
2024-11-16,北京,华北,39.9,116.4,174.6,62.9,100.4,12.6,31.4,1.26,80.3,中度污染,11,4,秋季
2024-11-17,北京,华北,39.9,116.4,121.0,51.2,55.3,10.2,25.6,1.02,44.2,轻度污染,11,4,秋季
2024-11-18,北京,华北,39.9,116.4,84.9,33.8,42.8,6.8,16.9,0.68,34.2,良,11,4,秋季
2024-11-19,北京,华北,39.9,116.4,148.3,54.5,83.2,10.9,27.2,1.09,66.6,轻度污染,11,4,秋季
2024-11-20,北京,华北,39.9,116.4,116.8,42.2,66.8,8.4,21.1,0.84,53.5,轻度污染,11,4,秋季
2024-11-21,北京,华北,39.9,116.4,118.9,43.9,66.4,8.8,21.9,0.88,53.1,轻度污染,11,4,秋季
2024-11-22,北京,华北,39.9,116.4,129.7,50.5,67.4,10.1,25.2,1.01,53.9,轻度污染,11,4,秋季
2024-11-23,北京,华北,39.9,116.4,99.0,27.0,73.2,5.4,13.5,0.54,58.5,良,11,4,秋季
2024-11-24,北京,华北,39.9,116.4,109.6,40.2,61.7,8.0,20.1,0.8,49.4,轻度污染,11,4,秋季
2024-11-25,北京,华北,39.9,116.4,119.1,48.2,58.6,9.6,24.1,0.96,46.9,轻度污染,11,4,秋季
2024-11-26,北京,华北,39.9,116.4,84.7,30.8,48.1,6.2,15.4,0.62,38.4,良,11,4,秋季
2024-11-27,北京,华北,39.9,116.4,148.2,59.3,74.0,11.9,29.7,1.19,59.2,轻度污染,11,4,秋季
2024-11-28,北京,华北,39.9,116.4,165.2,55.7,102.2,11.1,27.8,1.11,81.8,中度污染,11,4,秋季
2024-11-29,北京,华北,39.9,116.4,139.8,54.3,73.1,10.9,27.1,1.09,58.4,轻度污染,11,4,秋季
2024-11-30,北京,华北,39.9,116.4,134.7,56.4,62.5,11.3,28.2,1.13,50.0,轻度污染,11,4,秋季
2024-12-01,北京,华北,39.9,116.4,166.6,60.5,94.8,12.1,30.3,1.21,75.8,中度污染,12,4,冬季
2024-12-02,北京,华北,39.9,116.4,173.0,69.0,87.0,13.8,34.5,1.38,69.6,中度污染,12,4,冬季
2024-12-03,北京,华北,39.9,116.4,186.7,68.0,105.8,13.6,34.0,1.36,84.6,中度污染,12,4,冬季
2024-12-04,北京,华北,39.9,116.4,171.2,68.3,85.8,13.7,34.2,1.37,68.7,中度污染,12,4,冬季
2024-12-05,北京,华北,39.9,116.4,214.1,71.4,133.7,14.3,35.7,1.43,106.9,重度污染,12,4,冬季
2024-12-06,北京,华北,39.9,116.4,119.5,49.1,57.3,9.8,24.6,0.98,45.8,轻度污染,12,4,冬季
2024-12-07,北京,华北,39.9,116.4,116.9,39.1,72.9,7.8,19.5,0.78,58.3,轻度污染,12,4,冬季
2024-12-08,北京,华北,39.9,116.4,167.5,66.5,84.7,13.3,33.2,1.33,67.8,中度污染,12,4,冬季
2024-12-09,北京,华北,39.9,116.4,183.2,64.4,108.3,12.9,32.2,1.29,86.7,中度污染,12,4,冬季
2024-12-10,北京,华北,39.9,116.4,162.4,63.2,84.5,12.6,31.6,1.26,67.6,中度污染,12,4,冬季
2024-12-11,北京,华北,39.9,116.4,209.1,64.5,140.5,12.9,32.2,1.29,112.4,重度污染,12,4,冬季
2024-12-12,北京,华北,39.9,116.4,143.9,60.6,66.3,12.1,30.3,1.21,53.0,轻度污染,12,4,冬季
2024-12-13,北京,华北,39.9,116.4,191.9,66.6,115.1,13.3,33.3,1.33,92.1,中度污染,12,4,冬季
2024-12-14,北京,华北,39.9,116.4,205.5,65.5,134.1,13.1,32.8,1.31,107.2,重度污染,12,4,冬季
2024-12-15,北京,华北,39.9,116.4,172.5,60.7,101.9,12.1,30.3,1.21,81.5,中度污染,12,4,冬季
2024-12-16,北京,华北,39.9,116.4,146.2,53.2,83.0,10.6,26.6,1.06,66.4,轻度污染,12,4,冬季
2024-12-17,北京,华北,39.9,116.4,126.1,53.2,57.9,10.6,26.6,1.06,46.3,轻度污染,12,4,冬季
2024-12-18,北京,华北,39.9,116.4,173.1,65.1,94.2,13.0,32.6,1.3,75.3,中度污染,12,4,冬季
2024-12-19,北京,华北,39.9,116.4,199.3,78.8,101.4,15.8,39.4,1.58,81.1,中度污染,12,4,冬季
2024-12-20,北京,华北,39.9,116.4,146.8,53.8,82.6,10.8,26.9,1.08,66.1,轻度污染,12,4,冬季
2024-12-21,北京,华北,39.9,116.4,157.5,64.1,76.7,12.8,32.1,1.28,61.4,中度污染,12,4,冬季
2024-12-22,北京,华北,39.9,116.4,201.4,76.6,108.1,15.3,38.3,1.53,86.4,重度污染,12,4,冬季
2024-12-23,北京,华北,39.9,116.4,168.9,67.7,84.2,13.5,33.8,1.35,67.4,中度污染,12,4,冬季
2024-12-24,北京,华北,39.9,116.4,154.3,63.9,73.0,12.8,31.9,1.28,58.4,中度污染,12,4,冬季
2024-12-25,北京,华北,39.9,116.4,195.3,68.3,116.1,13.7,34.1,1.37,92.9,中度污染,12,4,冬季
2024-12-26,北京,华北,39.9,116.4,164.0,70.1,73.6,14.0,35.0,1.4,58.9,中度污染,12,4,冬季
2024-12-27,北京,华北,39.9,116.4,169.8,67.4,85.8,13.5,33.7,1.35,68.6,中度污染,12,4,冬季
2024-12-28,北京,华北,39.9,116.4,124.2,45.3,70.3,9.1,22.6,0.91,56.3,轻度污染,12,4,冬季
2024-12-29,北京,华北,39.9,116.4,183.9,66.5,105.2,13.3,33.2,1.33,84.2,中度污染,12,4,冬季
2024-12-30,北京,华北,39.9,116.4,230.0,86.3,125.7,17.3,43.2,1.73,100.6,重度污染,12,4,冬季
2024-12-31,北京,华北,39.9,116.4,167.1,60.1,96.2,12.0,30.1,1.2,77.0,中度污染,12,4,冬季
2024-01-01,上海,华东,31.2,121.5,200.1,71.0,117.1,14.2,35.5,1.42,93.7,重度污染,1,1,冬季
2024-01-02,上海,华东,31.2,121.5,217.0,74.6,131.4,14.9,37.3,1.49,105.1,重度污染,1,1,冬季
2024-01-03,上海,华东,31.2,121.5,162.5,52.7,104.4,10.5,26.4,1.05,83.5,中度污染,1,1,冬季
2024-01-04,上海,华东,31.2,121.5,174.5,62.1,101.8,12.4,31.0,1.24,81.4,中度污染,1,1,冬季
2024-01-05,上海,华东,31.2,121.5,157.1,52.8,97.3,10.6,26.4,1.06,77.8,中度污染,1,1,冬季
2024-01-06,上海,华东,31.2,121.5,176.1,66.6,95.2,13.3,33.3,1.33,76.2,中度污染,1,1,冬季
2024-01-07,上海,华东,31.2,121.5,178.8,64.9,101.8,13.0,32.5,1.3,81.5,中度污染,1,1,冬季
2024-01-08,上海,华东,31.2,121.5,199.1,74.1,110.1,14.8,37.0,1.48,88.0,中度污染,1,1,冬季
2024-01-09,上海,华东,31.2,121.5,219.3,82.4,119.7,16.5,41.2,1.65,95.8,重度污染,1,1,冬季
2024-01-10,上海,华东,31.2,121.5,182.1,70.5,95.4,14.1,35.3,1.41,76.3,中度污染,1,1,冬季
2024-01-11,上海,华东,31.2,121.5,138.0,46.2,85.9,9.2,23.1,0.92,68.7,轻度污染,1,1,冬季
2024-01-12,上海,华东,31.2,121.5,204.1,76.1,112.4,15.2,38.1,1.52,89.9,重度污染,1,1,冬季
2024-01-13,上海,华东,31.2,121.5,202.5,74.1,114.3,14.8,37.0,1.48,91.4,重度污染,1,1,冬季
2024-01-14,上海,华东,31.2,121.5,190.7,68.6,109.8,13.7,34.3,1.37,87.8,中度污染,1,1,冬季
2024-01-15,上海,华东,31.2,121.5,176.7,73.4,83.2,14.7,36.7,1.47,66.5,中度污染,1,1,冬季
2024-01-16,上海,华东,31.2,121.5,151.4,58.1,80.3,11.6,29.1,1.16,64.3,中度污染,1,1,冬季
2024-01-17,上海,华东,31.2,121.5,180.2,62.8,107.4,12.6,31.4,1.26,85.9,中度污染,1,1,冬季
2024-01-18,上海,华东,31.2,121.5,106.9,43.4,52.2,8.7,21.7,0.87,41.8,轻度污染,1,1,冬季
2024-01-19,上海,华东,31.2,121.5,116.3,41.5,67.6,8.3,20.7,0.83,54.1,轻度污染,1,1,冬季
2024-01-20,上海,华东,31.2,121.5,106.3,38.9,59.9,7.8,19.5,0.78,47.9,轻度污染,1,1,冬季
2024-01-21,上海,华东,31.2,121.5,222.9,80.3,128.0,16.1,40.2,1.61,102.4,重度污染,1,1,冬季
2024-01-22,上海,华东,31.2,121.5,158.9,58.7,88.7,11.7,29.3,1.17,70.9,中度污染,1,1,冬季
2024-01-23,上海,华东,31.2,121.5,178.5,67.4,96.7,13.5,33.7,1.35,77.3,中度污染,1,1,冬季
2024-01-24,上海,华东,31.2,121.5,126.0,45.9,71.4,9.2,23.0,0.92,57.1,轻度污染,1,1,冬季
2024-01-25,上海,华东,31.2,121.5,132.3,54.9,62.4,11.0,27.5,1.1,49.9,轻度污染,1,1,冬季
2024-01-26,上海,华东,31.2,121.5,128.9,46.7,73.6,9.3,23.3,0.93,58.9,轻度污染,1,1,冬季
2024-01-27,上海,华东,31.2,121.5,200.7,69.7,120.2,13.9,34.8,1.39,96.1,重度污染,1,1,冬季
2024-01-28,上海,华东,31.2,121.5,162.2,51.7,105.8,10.3,25.9,1.03,84.6,中度污染,1,1,冬季
2024-01-29,上海,华东,31.2,121.5,120.3,37.1,80.8,7.4,18.5,0.74,64.6,轻度污染,1,1,冬季
2024-01-30,上海,华东,31.2,121.5,157.0,56.4,90.4,11.3,28.2,1.13,72.4,中度污染,1,1,冬季
2024-01-31,上海,华东,31.2,121.5,52.6,24.2,20.2,4.8,12.1,0.48,16.2,良,1,1,冬季
2024-02-01,上海,华东,31.2,121.5,158.7,58.8,88.2,11.8,29.4,1.18,70.5,中度污染,2,1,冬季
2024-02-02,上海,华东,31.2,121.5,123.8,51.9,57.5,10.4,25.9,1.04,46.0,轻度污染,2,1,冬季
2024-02-03,上海,华东,31.2,121.5,85.5,36.9,37.6,7.4,18.5,0.74,30.1,良,2,1,冬季
2024-02-04,上海,华东,31.2,121.5,134.2,44.3,84.7,8.9,22.2,0.89,67.7,轻度污染,2,1,冬季
2024-02-05,上海,华东,31.2,121.5,127.9,53.6,59.5,10.7,26.8,1.07,47.6,轻度污染,2,1,冬季
2024-02-06,上海,华东,31.2,121.5,197.4,68.6,118.3,13.7,34.3,1.37,94.6,中度污染,2,1,冬季
2024-02-07,上海,华东,31.2,121.5,141.1,52.9,77.1,10.6,26.5,1.06,61.7,轻度污染,2,1,冬季
2024-02-08,上海,华东,31.2,121.5,191.9,59.6,128.0,11.9,29.8,1.19,102.4,中度污染,2,1,冬季
2024-02-09,上海,华东,31.2,121.5,168.8,65.3,88.6,13.1,32.6,1.31,70.9,中度污染,2,1,冬季
2024-02-10,上海,华东,31.2,121.5,198.5,79.8,98.6,16.0,39.9,1.6,78.8,中度污染,2,1,冬季
2024-02-11,上海,华东,31.2,121.5,218.7,78.6,126.0,15.7,39.3,1.57,100.8,重度污染,2,1,冬季
2024-02-12,上海,华东,31.2,121.5,176.6,62.7,103.2,12.5,31.3,1.25,82.6,中度污染,2,1,冬季
2024-02-13,上海,华东,31.2,121.5,150.0,52.0,90.1,10.4,26.0,1.04,72.0,中度污染,2,1,冬季
2024-02-14,上海,华东,31.2,121.5,148.3,51.0,89.8,10.2,25.5,1.02,71.9,轻度污染,2,1,冬季
2024-02-15,上海,华东,31.2,121.5,140.5,48.7,84.3,9.7,24.4,0.97,67.5,轻度污染,2,1,冬季
2024-02-16,上海,华东,31.2,121.5,175.0,58.4,109.2,11.7,29.2,1.17,87.4,中度污染,2,1,冬季
2024-02-17,上海,华东,31.2,121.5,163.5,61.7,88.7,12.3,30.9,1.23,70.9,中度污染,2,1,冬季
2024-02-18,上海,华东,31.2,121.5,191.0,68.4,110.6,13.7,34.2,1.37,88.5,中度污染,2,1,冬季
2024-02-19,上海,华东,31.2,121.5,177.2,57.2,114.3,11.4,28.6,1.14,91.4,中度污染,2,1,冬季
2024-02-20,上海,华东,31.2,121.5,135.5,48.5,78.4,9.7,24.2,0.97,62.7,轻度污染,2,1,冬季
2024-02-21,上海,华东,31.2,121.5,84.2,31.7,45.8,6.3,15.8,0.63,36.7,良,2,1,冬季
2024-02-22,上海,华东,31.2,121.5,131.4,46.9,76.4,9.4,23.4,0.94,61.1,轻度污染,2,1,冬季
2024-02-23,上海,华东,31.2,121.5,219.6,78.2,127.9,15.6,39.1,1.56,102.3,重度污染,2,1,冬季
2024-02-24,上海,华东,31.2,121.5,142.2,56.5,71.8,11.3,28.3,1.13,57.4,轻度污染,2,1,冬季
2024-02-25,上海,华东,31.2,121.5,174.5,59.1,107.2,11.8,29.6,1.18,85.8,中度污染,2,1,冬季
2024-02-26,上海,华东,31.2,121.5,169.7,63.8,92.4,12.8,31.9,1.28,74.0,中度污染,2,1,冬季
2024-02-27,上海,华东,31.2,121.5,221.6,76.1,134.4,15.2,38.0,1.52,107.5,重度污染,2,1,冬季
2024-02-28,上海,华东,31.2,121.5,49.5,20.5,23.4,4.1,10.3,0.41,18.7,优,2,1,冬季
2024-02-29,上海,华东,31.2,121.5,53.4,21.9,25.7,4.4,10.9,0.44,20.6,良,2,1,冬季
2024-03-01,上海,华东,31.2,121.5,104.9,38.3,59.4,7.7,19.1,0.77,47.5,轻度污染,3,1,春季
2024-03-02,上海,华东,31.2,121.5,126.2,49.9,64.3,10.0,24.9,1.0,51.5,轻度污染,3,1,春季
2024-03-03,上海,华东,31.2,121.5,110.0,47.9,47.7,9.6,24.0,0.96,38.2,轻度污染,3,1,春季
2024-03-04,上海,华东,31.2,121.5,42.1,17.3,20.2,3.5,8.6,0.35,16.1,优,3,1,春季
2024-03-05,上海,华东,31.2,121.5,89.7,36.6,43.6,7.3,18.3,0.73,34.9,良,3,1,春季
2024-03-06,上海,华东,31.2,121.5,158.4,52.4,99.8,10.5,26.2,1.05,79.8,中度污染,3,1,春季
2024-03-07,上海,华东,31.2,121.5,106.9,53.9,32.5,10.8,26.9,1.08,26.0,轻度污染,3,1,春季
2024-03-08,上海,华东,31.2,121.5,158.2,57.9,89.2,11.6,29.0,1.16,71.3,中度污染,3,1,春季
2024-03-09,上海,华东,31.2,121.5,116.1,40.3,69.6,8.1,20.2,0.81,55.7,轻度污染,3,1,春季
2024-03-10,上海,华东,31.2,121.5,184.4,60.1,117.9,12.0,30.0,1.2,94.3,中度污染,3,1,春季
2024-03-11,上海,华东,31.2,121.5,118.5,46.2,61.4,9.2,23.1,0.92,49.1,轻度污染,3,1,春季
2024-03-12,上海,华东,31.2,121.5,130.6,44.1,80.6,8.8,22.1,0.88,64.4,轻度污染,3,1,春季
2024-03-13,上海,华东,31.2,121.5,145.7,53.3,82.3,10.7,26.6,1.07,65.8,轻度污染,3,1,春季
2024-03-14,上海,华东,31.2,121.5,174.5,60.6,104.5,12.1,30.3,1.21,83.6,中度污染,3,1,春季
2024-03-15,上海,华东,31.2,121.5,78.6,33.3,35.7,6.7,16.7,0.67,28.6,良,3,1,春季
2024-03-16,上海,华东,31.2,121.5,100.0,47.9,35.2,9.6,23.9,0.96,28.2,轻度污染,3,1,春季
2024-03-17,上海,华东,31.2,121.5,123.4,41.4,76.7,8.3,20.7,0.83,61.3,轻度污染,3,1,春季
2024-03-18,上海,华东,31.2,121.5,163.4,59.5,92.6,11.9,29.8,1.19,74.1,中度污染,3,1,春季
2024-03-19,上海,华东,31.2,121.5,172.9,56.8,109.6,11.4,28.4,1.14,87.7,中度污染,3,1,春季
2024-03-20,上海,华东,31.2,121.5,198.9,70.7,116.1,14.1,35.3,1.41,92.9,中度污染,3,1,春季
2024-03-21,上海,华东,31.2,121.5,147.6,51.6,87.8,10.3,25.8,1.03,70.2,轻度污染,3,1,春季
2024-03-22,上海,华东,31.2,121.5,155.9,56.4,89.0,11.3,28.2,1.13,71.2,中度污染,3,1,春季
2024-03-23,上海,华东,31.2,121.5,62.7,29.5,23.0,5.9,14.8,0.59,18.4,良,3,1,春季
2024-03-24,上海,华东,31.2,121.5,108.1,48.6,44.0,9.7,24.3,0.97,35.2,轻度污染,3,1,春季
2024-03-25,上海,华东,31.2,121.5,167.8,59.8,97.5,12.0,29.9,1.2,78.0,中度污染,3,1,春季
2024-03-26,上海,华东,31.2,121.5,140.0,56.7,68.6,11.3,28.4,1.13,54.9,轻度污染,3,1,春季
2024-03-27,上海,华东,31.2,121.5,137.6,49.2,79.7,9.8,24.6,0.98,63.7,轻度污染,3,1,春季
2024-03-28,上海,华东,31.2,121.5,52.2,25.0,18.4,5.0,12.5,0.5,14.7,良,3,1,春季
2024-03-29,上海,华东,31.2,121.5,174.8,62.5,101.2,12.5,31.3,1.25,81.0,中度污染,3,1,春季
2024-03-30,上海,华东,31.2,121.5,134.1,55.7,63.2,11.1,27.8,1.11,50.5,轻度污染,3,1,春季
2024-03-31,上海,华东,31.2,121.5,106.0,39.3,58.9,7.9,19.6,0.79,47.1,轻度污染,3,1,春季
2024-04-01,上海,华东,31.2,121.5,137.4,56.8,65.3,11.4,28.4,1.14,52.2,轻度污染,4,2,春季
2024-04-02,上海,华东,31.2,121.5,91.7,31.9,54.8,6.4,15.9,0.64,43.9,良,4,2,春季
2024-04-03,上海,华东,31.2,121.5,63.4,24.2,33.9,4.8,12.1,0.48,27.1,良,4,2,春季
2024-04-04,上海,华东,31.2,121.5,150.6,55.2,84.8,11.0,27.6,1.1,67.8,中度污染,4,2,春季
2024-04-05,上海,华东,31.2,121.5,182.1,62.2,111.1,12.4,31.1,1.24,88.9,中度污染,4,2,春季
2024-04-06,上海,华东,31.2,121.5,98.6,35.4,56.9,7.1,17.7,0.71,45.5,良,4,2,春季
2024-04-07,上海,华东,31.2,121.5,71.0,23.2,45.3,4.6,11.6,0.46,36.2,良,4,2,春季
2024-04-08,上海,华东,31.2,121.5,47.6,22.4,17.6,4.5,11.2,0.45,14.1,优,4,2,春季
2024-04-09,上海,华东,31.2,121.5,136.3,50.9,74.9,10.2,25.5,1.02,59.9,轻度污染,4,2,春季
2024-04-10,上海,华东,31.2,121.5,119.0,55.2,45.3,11.0,27.6,1.1,36.3,轻度污染,4,2,春季
2024-04-11,上海,华东,31.2,121.5,144.7,54.8,78.0,11.0,27.4,1.1,62.4,轻度污染,4,2,春季
2024-04-12,上海,华东,31.2,121.5,65.8,25.3,34.9,5.1,12.6,0.51,27.9,良,4,2,春季
2024-04-13,上海,华东,31.2,121.5,141.4,48.9,85.1,9.8,24.4,0.98,68.0,轻度污染,4,2,春季
2024-04-14,上海,华东,31.2,121.5,75.1,24.5,47.9,4.9,12.3,0.49,38.3,良,4,2,春季
2024-04-15,上海,华东,31.2,121.5,121.9,44.1,69.6,8.8,22.1,0.88,55.7,轻度污染,4,2,春季
2024-04-16,上海,华东,31.2,121.5,140.2,54.8,72.6,11.0,27.4,1.1,58.0,轻度污染,4,2,春季
2024-04-17,上海,华东,31.2,121.5,52.5,19.3,29.4,3.9,9.7,0.39,23.5,良,4,2,春季
2024-04-18,上海,华东,31.2,121.5,169.8,64.6,91.0,12.9,32.3,1.29,72.8,中度污染,4,2,春季
2024-04-19,上海,华东,31.2,121.5,80.4,31.3,41.7,6.3,15.7,0.63,33.4,良,4,2,春季
2024-04-20,上海,华东,31.2,121.5,54.3,18.1,33.9,3.6,9.1,0.36,27.2,良,4,2,春季
2024-04-21,上海,华东,31.2,121.5,93.3,39.7,42.1,7.9,19.9,0.79,33.7,良,4,2,春季
2024-04-22,上海,华东,31.2,121.5,131.0,52.8,64.7,10.6,26.4,1.06,51.8,轻度污染,4,2,春季
2024-04-23,上海,华东,31.2,121.5,107.1,47.5,44.8,9.5,23.7,0.95,35.9,轻度污染,4,2,春季
2024-04-24,上海,华东,31.2,121.5,133.9,45.9,81.4,9.2,22.9,0.92,65.1,轻度污染,4,2,春季
2024-04-25,上海,华东,31.2,121.5,122.7,50.4,58.7,10.1,25.2,1.01,47.0,轻度污染,4,2,春季
2024-04-26,上海,华东,31.2,121.5,137.2,58.8,61.3,11.8,29.4,1.18,49.0,轻度污染,4,2,春季
2024-04-27,上海,华东,31.2,121.5,113.2,38.9,68.6,7.8,19.4,0.78,54.9,轻度污染,4,2,春季
2024-04-28,上海,华东,31.2,121.5,130.3,51.0,67.2,10.2,25.5,1.02,53.7,轻度污染,4,2,春季
2024-04-29,上海,华东,31.2,121.5,170.7,52.3,115.3,10.5,26.1,1.05,92.2,中度污染,4,2,春季
2024-04-30,上海,华东,31.2,121.5,25.6,11.2,11.0,2.2,5.6,0.22,8.8,优,4,2,春季
2024-05-01,上海,华东,31.2,121.5,86.9,27.8,56.4,5.6,13.9,0.56,45.2,良,5,2,春季
2024-05-02,上海,华东,31.2,121.5,149.8,55.4,83.4,11.1,27.7,1.11,66.7,轻度污染,5,2,春季
2024-05-03,上海,华东,31.2,121.5,115.4,46.6,56.9,9.3,23.3,0.93,45.5,轻度污染,5,2,春季
2024-05-04,上海,华东,31.2,121.5,64.1,20.8,41.1,4.2,10.4,0.42,32.9,良,5,2,春季
2024-05-05,上海,华东,31.2,121.5,33.7,8.1,26.9,1.6,4.0,0.16,21.5,优,5,2,春季
2024-05-06,上海,华东,31.2,121.5,168.4,58.2,101.4,11.6,29.1,1.16,81.1,中度污染,5,2,春季
2024-05-07,上海,华东,31.2,121.5,40.0,18.4,15.6,3.7,9.2,0.37,12.4,优,5,2,春季
2024-05-08,上海,华东,31.2,121.5,105.4,32.2,71.4,6.4,16.1,0.64,57.1,轻度污染,5,2,春季
2024-05-09,上海,华东,31.2,121.5,166.0,63.5,88.4,12.7,31.8,1.27,70.7,中度污染,5,2,春季
2024-05-10,上海,华东,31.2,121.5,133.4,45.1,82.2,9.0,22.6,0.9,65.8,轻度污染,5,2,春季
2024-05-11,上海,华东,31.2,121.5,94.8,30.8,60.8,6.2,15.4,0.62,48.7,良,5,2,春季
2024-05-12,上海,华东,31.2,121.5,174.3,59.9,105.5,12.0,30.0,1.2,84.4,中度污染,5,2,春季
2024-05-13,上海,华东,31.2,121.5,158.9,61.8,82.7,12.4,30.9,1.24,66.2,中度污染,5,2,春季
2024-05-14,上海,华东,31.2,121.5,143.6,49.0,87.7,9.8,24.5,0.98,70.1,轻度污染,5,2,春季
2024-05-15,上海,华东,31.2,121.5,148.5,59.0,75.0,11.8,29.5,1.18,60.0,轻度污染,5,2,春季
2024-05-16,上海,华东,31.2,121.5,111.3,39.9,64.3,8.0,20.0,0.8,51.4,轻度污染,5,2,春季
2024-05-17,上海,华东,31.2,121.5,159.8,62.8,82.0,12.6,31.4,1.26,65.6,中度污染,5,2,春季
2024-05-18,上海,华东,31.2,121.5,155.7,56.6,88.4,11.3,28.3,1.13,70.7,中度污染,5,2,春季
2024-05-19,上海,华东,31.2,121.5,192.4,73.0,103.7,14.6,36.5,1.46,82.9,中度污染,5,2,春季
2024-05-20,上海,华东,31.2,121.5,140.3,53.3,75.5,10.7,26.6,1.07,60.4,轻度污染,5,2,春季
2024-05-21,上海,华东,31.2,121.5,125.5,41.9,78.2,8.4,21.0,0.84,62.6,轻度污染,5,2,春季
2024-05-22,上海,华东,31.2,121.5,117.1,43.8,64.2,8.8,21.9,0.88,51.3,轻度污染,5,2,春季
2024-05-23,上海,华东,31.2,121.5,153.3,53.2,91.8,10.6,26.6,1.06,73.4,中度污染,5,2,春季
2024-05-24,上海,华东,31.2,121.5,106.4,36.5,64.6,7.3,18.2,0.73,51.7,轻度污染,5,2,春季
2024-05-25,上海,华东,31.2,121.5,103.5,37.3,59.3,7.5,18.7,0.75,47.4,轻度污染,5,2,春季
2024-05-26,上海,华东,31.2,121.5,77.4,35.5,30.1,7.1,17.8,0.71,24.1,良,5,2,春季
2024-05-27,上海,华东,31.2,121.5,58.3,31.2,14.4,6.2,15.6,0.62,11.5,良,5,2,春季
2024-05-28,上海,华东,31.2,121.5,184.6,66.6,105.8,13.3,33.3,1.33,84.6,中度污染,5,2,春季
2024-05-29,上海,华东,31.2,121.5,158.7,57.5,90.4,11.5,28.8,1.15,72.3,中度污染,5,2,春季
2024-05-30,上海,华东,31.2,121.5,122.9,42.1,74.8,8.4,21.0,0.84,59.8,轻度污染,5,2,春季
2024-05-31,上海,华东,31.2,121.5,109.7,37.5,66.9,7.5,18.7,0.75,53.5,轻度污染,5,2,春季
2024-06-01,上海,华东,31.2,121.5,88.3,29.7,54.7,5.9,14.8,0.59,43.8,良,6,2,夏季
2024-06-02,上海,华东,31.2,121.5,150.7,44.9,104.0,9.0,22.5,0.9,83.2,中度污染,6,2,夏季
2024-06-03,上海,华东,31.2,121.5,78.3,33.1,35.7,6.6,16.6,0.66,28.6,良,6,2,夏季
2024-06-04,上海,华东,31.2,121.5,79.9,28.1,47.1,5.6,14.1,0.56,37.6,良,6,2,夏季
2024-06-05,上海,华东,31.2,121.5,50.6,25.2,16.0,5.0,12.6,0.5,12.8,良,6,2,夏季
2024-06-06,上海,华东,31.2,121.5,47.7,20.8,20.5,4.2,10.4,0.42,16.4,优,6,2,夏季
2024-06-07,上海,华东,31.2,121.5,96.7,33.8,57.6,6.8,16.9,0.68,46.1,良,6,2,夏季
2024-06-08,上海,华东,31.2,121.5,95.9,34.2,55.8,6.8,17.1,0.68,44.6,良,6,2,夏季
2024-06-09,上海,华东,31.2,121.5,142.7,43.5,96.9,8.7,21.7,0.87,77.5,轻度污染,6,2,夏季
2024-06-10,上海,华东,31.2,121.5,151.9,56.1,84.8,11.2,28.0,1.12,67.8,中度污染,6,2,夏季
2024-06-11,上海,华东,31.2,121.5,71.9,33.7,26.7,6.7,16.9,0.67,21.4,良,6,2,夏季
2024-06-12,上海,华东,31.2,121.5,82.9,32.8,42.1,6.6,16.4,0.66,33.7,良,6,2,夏季
2024-06-13,上海,华东,31.2,121.5,163.3,58.0,95.4,11.6,29.0,1.16,76.3,中度污染,6,2,夏季
2024-06-14,上海,华东,31.2,121.5,87.4,39.3,35.5,7.9,19.7,0.79,28.4,良,6,2,夏季
2024-06-15,上海,华东,31.2,121.5,120.3,38.3,78.6,7.7,19.1,0.77,62.9,轻度污染,6,2,夏季
2024-06-16,上海,华东,31.2,121.5,82.8,30.0,47.3,6.0,15.0,0.6,37.9,良,6,2,夏季
2024-06-17,上海,华东,31.2,121.5,83.8,22.8,61.9,4.6,11.4,0.46,49.6,良,6,2,夏季
2024-06-18,上海,华东,31.2,121.5,75.9,34.6,30.0,6.9,17.3,0.69,24.0,良,6,2,夏季
2024-06-19,上海,华东,31.2,121.5,16.4,5.0,11.1,1.0,2.5,0.1,8.9,优,6,2,夏季
2024-06-20,上海,华东,31.2,121.5,61.7,20.4,38.9,4.1,10.2,0.41,31.1,良,6,2,夏季
2024-06-21,上海,华东,31.2,121.5,44.4,18.7,20.4,3.7,9.4,0.37,16.3,优,6,2,夏季
2024-06-22,上海,华东,31.2,121.5,35.4,8.6,28.0,1.7,4.3,0.17,22.4,优,6,2,夏季
2024-06-23,上海,华东,31.2,121.5,60.9,18.7,41.1,3.7,9.3,0.37,32.9,良,6,2,夏季
2024-06-24,上海,华东,31.2,121.5,15.5,5.0,10.0,1.0,2.5,0.1,8.0,优,6,2,夏季
2024-06-25,上海,华东,31.2,121.5,44.1,19.4,18.9,3.9,9.7,0.39,15.1,优,6,2,夏季
2024-06-26,上海,华东,31.2,121.5,51.7,22.3,22.8,4.5,11.2,0.45,18.3,良,6,2,夏季
2024-06-27,上海,华东,31.2,121.5,75.4,24.0,49.3,4.8,12.0,0.48,39.4,良,6,2,夏季
2024-06-28,上海,华东,31.2,121.5,55.1,21.5,28.4,4.3,10.8,0.43,22.7,良,6,2,夏季
2024-06-29,上海,华东,31.2,121.5,68.3,18.7,50.3,3.7,9.4,0.37,40.3,良,6,2,夏季
2024-06-30,上海,华东,31.2,121.5,55.0,21.4,28.7,4.3,10.7,0.43,22.9,良,6,2,夏季
2024-07-01,上海,华东,31.2,121.5,55.6,22.4,27.5,4.5,11.2,0.45,22.0,良,7,3,夏季
2024-07-02,上海,华东,31.2,121.5,32.4,16.3,10.0,3.3,8.1,0.33,8.0,优,7,3,夏季
2024-07-03,上海,华东,31.2,121.5,87.0,29.3,53.8,5.9,14.6,0.59,43.1,良,7,3,夏季
2024-07-04,上海,华东,31.2,121.5,89.2,24.0,66.6,4.8,12.0,0.48,53.3,良,7,3,夏季
2024-07-05,上海,华东,31.2,121.5,116.3,46.9,57.6,9.4,23.4,0.94,46.0,轻度污染,7,3,夏季
2024-07-06,上海,华东,31.2,121.5,51.5,22.1,23.0,4.4,11.0,0.44,18.4,良,7,3,夏季
2024-07-07,上海,华东,31.2,121.5,103.6,33.7,66.3,6.7,16.9,0.67,53.1,轻度污染,7,3,夏季
2024-07-08,上海,华东,31.2,121.5,100.5,38.8,52.9,7.8,19.4,0.78,42.3,轻度污染,7,3,夏季
2024-07-09,上海,华东,31.2,121.5,87.1,32.7,47.6,6.5,16.3,0.65,38.1,良,7,3,夏季
2024-07-10,上海,华东,31.2,121.5,73.1,22.6,48.9,4.5,11.3,0.45,39.1,良,7,3,夏季
2024-07-11,上海,华东,31.2,121.5,26.6,12.4,10.0,2.5,6.2,0.25,8.0,优,7,3,夏季
2024-07-12,上海,华东,31.2,121.5,92.9,27.6,64.5,5.5,13.8,0.55,51.6,良,7,3,夏季
2024-07-13,上海,华东,31.2,121.5,45.9,18.7,22.3,3.7,9.4,0.37,17.8,优,7,3,夏季
2024-07-14,上海,华东,31.2,121.5,44.2,15.1,27.1,3.0,7.5,0.3,21.7,优,7,3,夏季
2024-07-15,上海,华东,31.2,121.5,43.7,18.0,20.9,3.6,9.0,0.36,16.7,优,7,3,夏季
2024-07-16,上海,华东,31.2,121.5,78.6,24.9,51.5,5.0,12.5,0.5,41.2,良,7,3,夏季
2024-07-17,上海,华东,31.2,121.5,77.1,32.3,35.8,6.5,16.2,0.65,28.6,良,7,3,夏季
2024-07-18,上海,华东,31.2,121.5,133.6,46.1,80.6,9.2,23.0,0.92,64.5,轻度污染,7,3,夏季
2024-07-19,上海,华东,31.2,121.5,94.0,29.8,61.6,6.0,14.9,0.6,49.3,良,7,3,夏季
2024-07-20,上海,华东,31.2,121.5,138.8,46.5,86.3,9.3,23.3,0.93,69.1,轻度污染,7,3,夏季
2024-07-21,上海,华东,31.2,121.5,45.7,20.9,18.0,4.2,10.4,0.42,14.4,优,7,3,夏季
2024-07-22,上海,华东,31.2,121.5,116.9,43.0,65.5,8.6,21.5,0.86,52.4,轻度污染,7,3,夏季
2024-07-23,上海,华东,31.2,121.5,139.9,50.8,79.6,10.2,25.4,1.02,63.7,轻度污染,7,3,夏季
2024-07-24,上海,华东,31.2,121.5,47.2,13.6,33.4,2.7,6.8,0.27,26.7,优,7,3,夏季
2024-07-25,上海,华东,31.2,121.5,87.0,35.3,42.5,7.1,17.7,0.71,34.0,良,7,3,夏季
2024-07-26,上海,华东,31.2,121.5,93.5,36.4,48.5,7.3,18.2,0.73,38.8,良,7,3,夏季
2024-07-27,上海,华东,31.2,121.5,80.7,33.0,39.1,6.6,16.5,0.66,31.2,良,7,3,夏季
2024-07-28,上海,华东,31.2,121.5,112.9,37.7,70.5,7.5,18.8,0.75,56.4,轻度污染,7,3,夏季
2024-07-29,上海,华东,31.2,121.5,127.0,45.7,73.0,9.1,22.9,0.91,58.4,轻度污染,7,3,夏季
2024-07-30,上海,华东,31.2,121.5,149.8,47.3,98.5,9.5,23.7,0.95,78.8,轻度污染,7,3,夏季
2024-07-31,上海,华东,31.2,121.5,84.5,35.4,39.3,7.1,17.7,0.71,31.4,良,7,3,夏季
2024-08-01,上海,华东,31.2,121.5,53.6,26.2,17.9,5.2,13.1,0.52,14.3,良,8,3,夏季
2024-08-02,上海,华东,31.2,121.5,122.8,52.8,54.6,10.6,26.4,1.06,43.7,轻度污染,8,3,夏季
2024-08-03,上海,华东,31.2,121.5,75.0,25.7,45.6,5.1,12.8,0.51,36.5,良,8,3,夏季
2024-08-04,上海,华东,31.2,121.5,111.7,41.7,61.4,8.3,20.8,0.83,49.1,轻度污染,8,3,夏季
2024-08-05,上海,华东,31.2,121.5,99.9,48.2,34.5,9.6,24.1,0.96,27.6,良,8,3,夏季
2024-08-06,上海,华东,31.2,121.5,92.6,39.4,41.8,7.9,19.7,0.79,33.5,良,8,3,夏季
2024-08-07,上海,华东,31.2,121.5,65.9,27.5,30.8,5.5,13.8,0.55,24.6,良,8,3,夏季
2024-08-08,上海,华东,31.2,121.5,89.9,40.4,36.5,8.1,20.2,0.81,29.2,良,8,3,夏季
2024-08-09,上海,华东,31.2,121.5,110.7,42.0,59.6,8.4,21.0,0.84,47.7,轻度污染,8,3,夏季
2024-08-10,上海,华东,31.2,121.5,59.1,27.3,22.7,5.5,13.6,0.55,18.2,良,8,3,夏季
2024-08-11,上海,华东,31.2,121.5,72.2,24.3,44.8,4.9,12.1,0.49,35.8,良,8,3,夏季
2024-08-12,上海,华东,31.2,121.5,88.7,18.9,75.4,3.8,9.4,0.38,60.3,良,8,3,夏季
2024-08-13,上海,华东,31.2,121.5,102.6,34.3,64.0,6.9,17.1,0.69,51.2,轻度污染,8,3,夏季
2024-08-14,上海,华东,31.2,121.5,56.9,27.3,20.0,5.5,13.6,0.55,16.0,良,8,3,夏季
2024-08-15,上海,华东,31.2,121.5,126.9,48.4,67.9,9.7,24.2,0.97,54.3,轻度污染,8,3,夏季
2024-08-16,上海,华东,31.2,121.5,59.1,26.6,24.1,5.3,13.3,0.53,19.3,良,8,3,夏季
2024-08-17,上海,华东,31.2,121.5,155.1,54.5,91.6,10.9,27.3,1.09,73.3,中度污染,8,3,夏季
2024-08-18,上海,华东,31.2,121.5,85.1,23.9,61.6,4.8,11.9,0.48,49.3,良,8,3,夏季
2024-08-19,上海,华东,31.2,121.5,80.7,29.4,45.8,5.9,14.7,0.59,36.6,良,8,3,夏季
2024-08-20,上海,华东,31.2,121.5,137.2,42.5,91.8,8.5,21.2,0.85,73.5,轻度污染,8,3,夏季
2024-08-21,上海,华东,31.2,121.5,153.6,49.2,99.7,9.8,24.6,0.98,79.7,中度污染,8,3,夏季
2024-08-22,上海,华东,31.2,121.5,93.2,42.1,37.6,8.4,21.1,0.84,30.1,良,8,3,夏季
2024-08-23,上海,华东,31.2,121.5,142.0,52.4,79.4,10.5,26.2,1.05,63.5,轻度污染,8,3,夏季
2024-08-24,上海,华东,31.2,121.5,131.2,55.4,60.1,11.1,27.7,1.11,48.1,轻度污染,8,3,夏季
2024-08-25,上海,华东,31.2,121.5,74.1,25.7,44.4,5.1,12.9,0.51,35.5,良,8,3,夏季
2024-08-26,上海,华东,31.2,121.5,48.1,21.7,19.6,4.3,10.8,0.43,15.7,优,8,3,夏季
2024-08-27,上海,华东,31.2,121.5,33.6,5.0,32.6,1.0,2.5,0.1,26.1,优,8,3,夏季
2024-08-28,上海,华东,31.2,121.5,54.0,23.4,23.6,4.7,11.7,0.47,18.9,良,8,3,夏季
2024-08-29,上海,华东,31.2,121.5,112.4,39.3,66.7,7.9,19.7,0.79,53.3,轻度污染,8,3,夏季
2024-08-30,上海,华东,31.2,121.5,79.0,28.4,45.4,5.7,14.2,0.57,36.4,良,8,3,夏季
2024-08-31,上海,华东,31.2,121.5,74.0,34.7,27.5,6.9,17.3,0.69,22.0,良,8,3,夏季
2024-09-01,上海,华东,31.2,121.5,141.3,49.5,83.9,9.9,24.7,0.99,67.1,轻度污染,9,3,秋季
2024-09-02,上海,华东,31.2,121.5,128.5,53.6,60.1,10.7,26.8,1.07,48.1,轻度污染,9,3,秋季
2024-09-03,上海,华东,31.2,121.5,78.9,28.3,45.6,5.7,14.1,0.57,36.4,良,9,3,秋季
2024-09-04,上海,华东,31.2,121.5,181.7,61.7,111.4,12.3,30.8,1.23,89.1,中度污染,9,3,秋季
2024-09-05,上海,华东,31.2,121.5,167.5,69.2,79.7,13.8,34.6,1.38,63.7,中度污染,9,3,秋季
2024-09-06,上海,华东,31.2,121.5,167.8,55.9,105.0,11.2,27.9,1.12,84.0,中度污染,9,3,秋季
2024-09-07,上海,华东,31.2,121.5,115.8,42.6,64.9,8.5,21.3,0.85,52.0,轻度污染,9,3,秋季
2024-09-08,上海,华东,31.2,121.5,100.6,31.3,67.1,6.3,15.7,0.63,53.7,轻度污染,9,3,秋季
2024-09-09,上海,华东,31.2,121.5,127.7,50.4,65.1,10.1,25.2,1.01,52.1,轻度污染,9,3,秋季
2024-09-10,上海,华东,31.2,121.5,85.7,34.0,43.4,6.8,17.0,0.68,34.7,良,9,3,秋季
2024-09-11,上海,华东,31.2,121.5,52.1,11.8,42.9,2.4,5.9,0.24,34.3,良,9,3,秋季
2024-09-12,上海,华东,31.2,121.5,123.5,43.3,73.2,8.7,21.6,0.87,58.6,轻度污染,9,3,秋季
2024-09-13,上海,华东,31.2,121.5,105.9,45.6,46.9,9.1,22.8,0.91,37.5,轻度污染,9,3,秋季
2024-09-14,上海,华东,31.2,121.5,150.6,52.3,90.2,10.5,26.2,1.05,72.1,中度污染,9,3,秋季
2024-09-15,上海,华东,31.2,121.5,70.8,28.0,35.9,5.6,14.0,0.56,28.8,良,9,3,秋季
2024-09-16,上海,华东,31.2,121.5,75.6,29.6,39.1,5.9,14.8,0.59,31.3,良,9,3,秋季
2024-09-17,上海,华东,31.2,121.5,147.7,56.3,79.2,11.3,28.1,1.13,63.3,轻度污染,9,3,秋季
2024-09-18,上海,华东,31.2,121.5,146.9,51.5,87.1,10.3,25.7,1.03,69.7,轻度污染,9,3,秋季
2024-09-19,上海,华东,31.2,121.5,129.0,34.6,96.5,6.9,17.3,0.69,77.2,轻度污染,9,3,秋季
2024-09-20,上海,华东,31.2,121.5,74.5,32.6,32.0,6.5,16.3,0.65,25.6,良,9,3,秋季
2024-09-21,上海,华东,31.2,121.5,135.0,49.6,75.7,9.9,24.8,0.99,60.6,轻度污染,9,3,秋季
2024-09-22,上海,华东,31.2,121.5,165.7,59.1,96.3,11.8,29.5,1.18,77.1,中度污染,9,3,秋季
2024-09-23,上海,华东,31.2,121.5,149.8,59.9,74.9,12.0,30.0,1.2,59.9,轻度污染,9,3,秋季
2024-09-24,上海,华东,31.2,121.5,146.6,56.0,78.2,11.2,28.0,1.12,62.6,轻度污染,9,3,秋季
2024-09-25,上海,华东,31.2,121.5,157.6,57.4,89.3,11.5,28.7,1.15,71.5,中度污染,9,3,秋季
2024-09-26,上海,华东,31.2,121.5,120.9,47.9,61.4,9.6,23.9,0.96,49.1,轻度污染,9,3,秋季
2024-09-27,上海,华东,31.2,121.5,207.1,66.8,133.6,13.4,33.4,1.34,106.9,重度污染,9,3,秋季
2024-09-28,上海,华东,31.2,121.5,123.7,42.1,75.7,8.4,21.1,0.84,60.5,轻度污染,9,3,秋季
2024-09-29,上海,华东,31.2,121.5,114.6,36.5,74.9,7.3,18.2,0.73,59.9,轻度污染,9,3,秋季
2024-09-30,上海,华东,31.2,121.5,152.5,55.2,87.1,11.0,27.6,1.1,69.7,中度污染,9,3,秋季
2024-10-01,上海,华东,31.2,121.5,136.2,51.0,74.7,10.2,25.5,1.02,59.8,轻度污染,10,4,秋季
2024-10-02,上海,华东,31.2,121.5,173.9,56.1,112.1,11.2,28.1,1.12,89.7,中度污染,10,4,秋季
2024-10-03,上海,华东,31.2,121.5,148.7,49.9,92.3,10.0,24.9,1.0,73.9,轻度污染,10,4,秋季
2024-10-04,上海,华东,31.2,121.5,129.4,54.3,60.0,10.9,27.1,1.09,48.0,轻度污染,10,4,秋季
2024-10-05,上海,华东,31.2,121.5,111.5,40.4,63.6,8.1,20.2,0.81,50.9,轻度污染,10,4,秋季
2024-10-06,上海,华东,31.2,121.5,90.5,27.7,61.3,5.5,13.8,0.55,49.0,良,10,4,秋季
2024-10-07,上海,华东,31.2,121.5,105.4,47.6,42.5,9.5,23.8,0.95,34.0,轻度污染,10,4,秋季
2024-10-08,上海,华东,31.2,121.5,124.5,41.1,78.5,8.2,20.5,0.82,62.8,轻度污染,10,4,秋季
2024-10-09,上海,华东,31.2,121.5,135.2,54.1,67.7,10.8,27.0,1.08,54.1,轻度污染,10,4,秋季
2024-10-10,上海,华东,31.2,121.5,140.5,51.2,79.7,10.2,25.6,1.02,63.7,轻度污染,10,4,秋季
2024-10-11,上海,华东,31.2,121.5,164.7,53.6,105.5,10.7,26.8,1.07,84.4,中度污染,10,4,秋季
2024-10-12,上海,华东,31.2,121.5,143.8,54.9,76.8,11.0,27.5,1.1,61.5,轻度污染,10,4,秋季
2024-10-13,上海,华东,31.2,121.5,111.7,40.8,63.1,8.2,20.4,0.82,50.5,轻度污染,10,4,秋季
2024-10-14,上海,华东,31.2,121.5,150.7,44.4,105.1,8.9,22.2,0.89,84.1,中度污染,10,4,秋季
2024-10-15,上海,华东,31.2,121.5,57.3,26.0,22.9,5.2,13.0,0.52,18.3,良,10,4,秋季
2024-10-16,上海,华东,31.2,121.5,34.6,10.2,24.1,2.0,5.1,0.2,19.3,优,10,4,秋季
2024-10-17,上海,华东,31.2,121.5,71.1,27.8,36.8,5.6,13.9,0.56,29.5,良,10,4,秋季
2024-10-18,上海,华东,31.2,121.5,224.8,75.0,140.4,15.0,37.5,1.5,112.3,重度污染,10,4,秋季
2024-10-19,上海,华东,31.2,121.5,128.5,42.7,80.6,8.5,21.3,0.85,64.5,轻度污染,10,4,秋季
2024-10-20,上海,华东,31.2,121.5,127.1,49.6,65.8,9.9,24.8,0.99,52.6,轻度污染,10,4,秋季
2024-10-21,上海,华东,31.2,121.5,159.2,63.6,79.9,12.7,31.8,1.27,63.9,中度污染,10,4,秋季
2024-10-22,上海,华东,31.2,121.5,126.7,46.3,71.7,9.3,23.1,0.93,57.3,轻度污染,10,4,秋季
2024-10-23,上海,华东,31.2,121.5,98.7,43.4,41.9,8.7,21.7,0.87,33.5,良,10,4,秋季
2024-10-24,上海,华东,31.2,121.5,128.3,42.3,81.1,8.5,21.2,0.85,64.9,轻度污染,10,4,秋季
2024-10-25,上海,华东,31.2,121.5,178.7,71.9,88.5,14.4,36.0,1.44,70.8,中度污染,10,4,秋季
2024-10-26,上海,华东,31.2,121.5,62.4,25.8,29.6,5.2,12.9,0.52,23.6,良,10,4,秋季
2024-10-27,上海,华东,31.2,121.5,45.1,14.9,28.5,3.0,7.4,0.3,22.8,优,10,4,秋季
2024-10-28,上海,华东,31.2,121.5,52.6,29.7,10.0,5.9,14.9,0.59,8.0,良,10,4,秋季
2024-10-29,上海,华东,31.2,121.5,162.3,58.3,93.6,11.7,29.2,1.17,74.9,中度污染,10,4,秋季
2024-10-30,上海,华东,31.2,121.5,136.4,50.7,75.4,10.1,25.4,1.01,60.3,轻度污染,10,4,秋季
2024-10-31,上海,华东,31.2,121.5,113.9,30.2,85.9,6.0,15.1,0.6,68.7,轻度污染,10,4,秋季
2024-11-01,上海,华东,31.2,121.5,72.2,27.8,38.3,5.6,13.9,0.56,30.6,良,11,4,秋季
2024-11-02,上海,华东,31.2,121.5,157.4,54.7,94.3,10.9,27.3,1.09,75.4,中度污染,11,4,秋季
2024-11-03,上海,华东,31.2,121.5,170.3,63.5,93.8,12.7,31.8,1.27,75.0,中度污染,11,4,秋季
2024-11-04,上海,华东,31.2,121.5,122.1,44.7,68.9,8.9,22.3,0.89,55.1,轻度污染,11,4,秋季
2024-11-05,上海,华东,31.2,121.5,131.9,48.0,74.9,9.6,24.0,0.96,59.9,轻度污染,11,4,秋季
2024-11-06,上海,华东,31.2,121.5,106.7,48.9,41.7,9.8,24.5,0.98,33.4,轻度污染,11,4,秋季
2024-11-07,上海,华东,31.2,121.5,109.5,44.5,53.4,8.9,22.3,0.89,42.7,轻度污染,11,4,秋季
2024-11-08,上海,华东,31.2,121.5,132.5,50.1,71.6,10.0,25.1,1.0,57.3,轻度污染,11,4,秋季
2024-11-09,上海,华东,31.2,121.5,135.4,47.3,80.6,9.5,23.6,0.95,64.5,轻度污染,11,4,秋季
2024-11-10,上海,华东,31.2,121.5,115.5,41.7,66.2,8.3,20.8,0.83,53.0,轻度污染,11,4,秋季
2024-11-11,上海,华东,31.2,121.5,129.9,54.3,60.6,10.9,27.2,1.09,48.4,轻度污染,11,4,秋季
2024-11-12,上海,华东,31.2,121.5,186.8,58.4,124.0,11.7,29.2,1.17,99.2,中度污染,11,4,秋季
2024-11-13,上海,华东,31.2,121.5,140.0,49.5,82.1,9.9,24.8,0.99,65.7,轻度污染,11,4,秋季
2024-11-14,上海,华东,31.2,121.5,96.8,30.7,63.5,6.1,15.3,0.61,50.8,良,11,4,秋季
2024-11-15,上海,华东,31.2,121.5,118.4,39.1,74.7,7.8,19.6,0.78,59.7,轻度污染,11,4,秋季
2024-11-16,上海,华东,31.2,121.5,113.0,32.7,80.0,6.5,16.3,0.65,64.0,轻度污染,11,4,秋季
2024-11-17,上海,华东,31.2,121.5,141.1,60.3,63.4,12.1,30.1,1.21,50.7,轻度污染,11,4,秋季
2024-11-18,上海,华东,31.2,121.5,158.0,55.2,94.0,11.0,27.6,1.1,75.2,中度污染,11,4,秋季
2024-11-19,上海,华东,31.2,121.5,86.1,33.9,43.9,6.8,17.0,0.68,35.1,良,11,4,秋季
2024-11-20,上海,华东,31.2,121.5,76.1,36.1,27.4,7.2,18.0,0.72,22.0,良,11,4,秋季
2024-11-21,上海,华东,31.2,121.5,107.9,40.8,58.3,8.2,20.4,0.82,46.7,轻度污染,11,4,秋季
2024-11-22,上海,华东,31.2,121.5,126.4,52.3,59.9,10.5,26.2,1.05,47.9,轻度污染,11,4,秋季
2024-11-23,上海,华东,31.2,121.5,145.3,52.5,83.3,10.5,26.2,1.05,66.6,轻度污染,11,4,秋季
2024-11-24,上海,华东,31.2,121.5,126.0,49.3,65.0,9.9,24.7,0.99,52.0,轻度污染,11,4,秋季
2024-11-25,上海,华东,31.2,121.5,138.8,41.1,96.4,8.2,20.6,0.82,77.1,轻度污染,11,4,秋季
2024-11-26,上海,华东,31.2,121.5,31.6,8.0,24.6,1.6,4.0,0.16,19.7,优,11,4,秋季
2024-11-27,上海,华东,31.2,121.5,117.8,46.7,59.7,9.3,23.3,0.93,47.7,轻度污染,11,4,秋季
2024-11-28,上海,华东,31.2,121.5,126.2,46.0,71.4,9.2,23.0,0.92,57.1,轻度污染,11,4,秋季
2024-11-29,上海,华东,31.2,121.5,148.6,59.7,73.8,11.9,29.9,1.19,59.0,轻度污染,11,4,秋季
2024-11-30,上海,华东,31.2,121.5,152.2,52.5,91.8,10.5,26.2,1.05,73.5,中度污染,11,4,秋季
2024-12-01,上海,华东,31.2,121.5,146.9,46.7,96.2,9.3,23.3,0.93,77.0,轻度污染,12,4,冬季
2024-12-02,上海,华东,31.2,121.5,217.4,75.8,129.7,15.2,37.9,1.52,103.8,重度污染,12,4,冬季
2024-12-03,上海,华东,31.2,121.5,220.7,79.5,126.8,15.9,39.7,1.59,101.5,重度污染,12,4,冬季
2024-12-04,上海,华东,31.2,121.5,173.6,58.5,107.3,11.7,29.3,1.17,85.8,中度污染,12,4,冬季
2024-12-05,上海,华东,31.2,121.5,164.8,57.5,98.2,11.5,28.7,1.15,78.6,中度污染,12,4,冬季
2024-12-06,上海,华东,31.2,121.5,165.5,66.9,81.5,13.4,33.4,1.34,65.2,中度污染,12,4,冬季
2024-12-07,上海,华东,31.2,121.5,202.8,67.8,126.4,13.6,33.9,1.36,101.1,重度污染,12,4,冬季
2024-12-08,上海,华东,31.2,121.5,213.8,80.1,117.0,16.0,40.1,1.6,93.6,重度污染,12,4,冬季
2024-12-09,上海,华东,31.2,121.5,168.9,64.9,89.4,13.0,32.5,1.3,71.6,中度污染,12,4,冬季
2024-12-10,上海,华东,31.2,121.5,112.2,47.2,51.8,9.4,23.6,0.94,41.4,轻度污染,12,4,冬季
2024-12-11,上海,华东,31.2,121.5,104.8,35.6,64.2,7.1,17.8,0.71,51.4,轻度污染,12,4,冬季
2024-12-12,上海,华东,31.2,121.5,176.7,68.4,92.7,13.7,34.2,1.37,74.1,中度污染,12,4,冬季
2024-12-13,上海,华东,31.2,121.5,188.4,67.9,108.2,13.6,34.0,1.36,86.5,中度污染,12,4,冬季
2024-12-14,上海,华东,31.2,121.5,217.7,78.8,124.4,15.8,39.4,1.58,99.5,重度污染,12,4,冬季
2024-12-15,上海,华东,31.2,121.5,172.3,65.8,92.0,13.2,32.9,1.32,73.6,中度污染,12,4,冬季
2024-12-16,上海,华东,31.2,121.5,175.5,62.7,101.8,12.5,31.3,1.25,81.5,中度污染,12,4,冬季
2024-12-17,上海,华东,31.2,121.5,197.9,76.1,104.7,15.2,38.0,1.52,83.8,中度污染,12,4,冬季
2024-12-18,上海,华东,31.2,121.5,181.8,74.3,87.9,14.9,37.1,1.49,70.3,中度污染,12,4,冬季
2024-12-19,上海,华东,31.2,121.5,192.2,65.8,116.9,13.2,32.9,1.32,93.5,中度污染,12,4,冬季
2024-12-20,上海,华东,31.2,121.5,203.8,68.9,125.6,13.8,34.5,1.38,100.5,重度污染,12,4,冬季
2024-12-21,上海,华东,31.2,121.5,162.0,63.8,82.9,12.8,31.9,1.28,66.3,中度污染,12,4,冬季
2024-12-22,上海,华东,31.2,121.5,198.1,76.9,103.5,15.4,38.4,1.54,82.8,中度污染,12,4,冬季
2024-12-23,上海,华东,31.2,121.5,139.2,55.9,69.2,11.2,28.0,1.12,55.4,轻度污染,12,4,冬季
2024-12-24,上海,华东,31.2,121.5,188.1,70.2,103.5,14.0,35.1,1.4,82.8,中度污染,12,4,冬季
2024-12-25,上海,华东,31.2,121.5,160.0,54.6,97.5,10.9,27.3,1.09,78.0,中度污染,12,4,冬季
2024-12-26,上海,华东,31.2,121.5,170.6,60.0,100.8,12.0,30.0,1.2,80.6,中度污染,12,4,冬季
2024-12-27,上海,华东,31.2,121.5,137.0,54.5,68.9,10.9,27.3,1.09,55.2,轻度污染,12,4,冬季
2024-12-28,上海,华东,31.2,121.5,134.3,52.5,69.5,10.5,26.2,1.05,55.6,轻度污染,12,4,冬季
2024-12-29,上海,华东,31.2,121.5,184.9,74.2,92.0,14.8,37.1,1.48,73.6,中度污染,12,4,冬季
2024-12-30,上海,华东,31.2,121.5,142.4,54.3,76.1,10.9,27.2,1.09,60.9,轻度污染,12,4,冬季
2024-12-31,上海,华东,31.2,121.5,205.2,82.5,101.7,16.5,41.3,1.65,81.4,重度污染,12,4,冬季
2024-01-01,广州,华南,23.1,113.3,197.2,73.6,108.6,14.7,36.8,1.47,86.9,中度污染,1,1,冬季
2024-01-02,广州,华南,23.1,113.3,178.1,65.4,100.1,13.1,32.7,1.31,80.0,中度污染,1,1,冬季
2024-01-03,广州,华南,23.1,113.3,169.9,61.0,98.1,12.2,30.5,1.22,78.5,中度污染,1,1,冬季
2024-01-04,广州,华南,23.1,113.3,225.3,83.0,126.0,16.6,41.5,1.66,100.8,重度污染,1,1,冬季
2024-01-05,广州,华南,23.1,113.3,167.0,64.7,87.4,12.9,32.4,1.29,69.9,中度污染,1,1,冬季
2024-01-06,广州,华南,23.1,113.3,155.5,60.6,80.7,12.1,30.3,1.21,64.6,中度污染,1,1,冬季
2024-01-07,广州,华南,23.1,113.3,221.9,77.1,132.7,15.4,38.6,1.54,106.2,重度污染,1,1,冬季
2024-01-08,广州,华南,23.1,113.3,180.5,70.8,93.0,14.2,35.4,1.42,74.4,中度污染,1,1,冬季
2024-01-09,广州,华南,23.1,113.3,147.1,54.8,81.2,11.0,27.4,1.1,65.0,轻度污染,1,1,冬季
2024-01-10,广州,华南,23.1,113.3,213.5,72.9,130.2,14.6,36.4,1.46,104.2,重度污染,1,1,冬季
2024-01-11,广州,华南,23.1,113.3,182.7,68.3,100.3,13.7,34.1,1.37,80.2,中度污染,1,1,冬季
2024-01-12,广州,华南,23.1,113.3,130.9,51.3,67.5,10.3,25.6,1.03,54.0,轻度污染,1,1,冬季
2024-01-13,广州,华南,23.1,113.3,173.1,71.8,81.8,14.4,35.9,1.44,65.4,中度污染,1,1,冬季
2024-01-14,广州,华南,23.1,113.3,136.6,50.2,76.6,10.0,25.1,1.0,61.3,轻度污染,1,1,冬季
2024-01-15,广州,华南,23.1,113.3,190.6,68.1,110.7,13.6,34.0,1.36,88.5,中度污染,1,1,冬季
2024-01-16,广州,华南,23.1,113.3,214.1,74.1,128.6,14.8,37.1,1.48,102.9,重度污染,1,1,冬季
2024-01-17,广州,华南,23.1,113.3,197.7,75.5,105.5,15.1,37.8,1.51,84.4,中度污染,1,1,冬季
2024-01-18,广州,华南,23.1,113.3,180.7,61.2,111.0,12.2,30.6,1.22,88.8,中度污染,1,1,冬季
2024-01-19,广州,华南,23.1,113.3,198.6,78.3,101.4,15.7,39.1,1.57,81.1,中度污染,1,1,冬季
2024-01-20,广州,华南,23.1,113.3,176.2,74.3,81.0,14.9,37.1,1.49,64.8,中度污染,1,1,冬季
2024-01-21,广州,华南,23.1,113.3,130.2,46.6,75.3,9.3,23.3,0.93,60.3,轻度污染,1,1,冬季
2024-01-22,广州,华南,23.1,113.3,167.7,56.8,103.1,11.4,28.4,1.14,82.5,中度污染,1,1,冬季
2024-01-23,广州,华南,23.1,113.3,116.9,47.5,57.2,9.5,23.7,0.95,45.7,轻度污染,1,1,冬季
2024-01-24,广州,华南,23.1,113.3,150.9,56.0,83.6,11.2,28.0,1.12,66.9,中度污染,1,1,冬季
2024-01-25,广州,华南,23.1,113.3,145.0,55.8,76.7,11.2,27.9,1.12,61.3,轻度污染,1,1,冬季
2024-01-26,广州,华南,23.1,113.3,217.7,83.6,115.4,16.7,41.8,1.67,92.3,重度污染,1,1,冬季
2024-01-27,广州,华南,23.1,113.3,140.0,55.1,71.6,11.0,27.6,1.1,57.2,轻度污染,1,1,冬季
2024-01-28,广州,华南,23.1,113.3,161.4,61.4,86.7,12.3,30.7,1.23,69.4,中度污染,1,1,冬季
2024-01-29,广州,华南,23.1,113.3,183.8,68.8,100.8,13.8,34.4,1.38,80.7,中度污染,1,1,冬季
2024-01-30,广州,华南,23.1,113.3,139.7,53.6,74.1,10.7,26.8,1.07,59.2,轻度污染,1,1,冬季
2024-01-31,广州,华南,23.1,113.3,249.2,86.2,149.9,17.2,43.1,1.72,119.9,重度污染,1,1,冬季
2024-02-01,广州,华南,23.1,113.3,144.4,61.3,65.4,12.3,30.7,1.23,52.3,轻度污染,2,1,冬季
2024-02-02,广州,华南,23.1,113.3,193.4,58.1,132.9,11.6,29.0,1.16,106.3,中度污染,2,1,冬季
2024-02-03,广州,华南,23.1,113.3,181.6,65.0,105.1,13.0,32.5,1.3,84.0,中度污染,2,1,冬季
2024-02-04,广州,华南,23.1,113.3,117.9,45.3,62.5,9.1,22.6,0.91,50.0,轻度污染,2,1,冬季
2024-02-05,广州,华南,23.1,113.3,168.4,63.1,92.3,12.6,31.5,1.26,73.8,中度污染,2,1,冬季
2024-02-06,广州,华南,23.1,113.3,151.4,53.3,89.2,10.7,26.7,1.07,71.4,中度污染,2,1,冬季
2024-02-07,广州,华南,23.1,113.3,108.6,33.4,73.1,6.7,16.7,0.67,58.4,轻度污染,2,1,冬季
2024-02-08,广州,华南,23.1,113.3,121.8,45.9,66.2,9.2,23.0,0.92,53.0,轻度污染,2,1,冬季
2024-02-09,广州,华南,23.1,113.3,159.0,64.1,78.5,12.8,32.1,1.28,62.8,中度污染,2,1,冬季
2024-02-10,广州,华南,23.1,113.3,185.6,68.3,104.0,13.7,34.1,1.37,83.2,中度污染,2,1,冬季
2024-02-11,广州,华南,23.1,113.3,186.7,61.7,117.7,12.3,30.9,1.23,94.2,中度污染,2,1,冬季
2024-02-12,广州,华南,23.1,113.3,196.6,66.1,121.7,13.2,33.1,1.32,97.3,中度污染,2,1,冬季
2024-02-13,广州,华南,23.1,113.3,215.0,74.5,129.0,14.9,37.3,1.49,103.2,重度污染,2,1,冬季
2024-02-14,广州,华南,23.1,113.3,158.5,54.2,96.5,10.8,27.1,1.08,77.2,中度污染,2,1,冬季
2024-02-15,广州,华南,23.1,113.3,148.8,63.9,66.2,12.8,31.9,1.28,53.0,轻度污染,2,1,冬季
2024-02-16,广州,华南,23.1,113.3,168.4,63.0,92.4,12.6,31.5,1.26,73.9,中度污染,2,1,冬季
2024-02-17,广州,华南,23.1,113.3,175.0,71.6,84.5,14.3,35.8,1.43,67.6,中度污染,2,1,冬季
2024-02-18,广州,华南,23.1,113.3,185.2,65.0,109.6,13.0,32.5,1.3,87.7,中度污染,2,1,冬季
2024-02-19,广州,华南,23.1,113.3,182.4,66.2,103.9,13.2,33.1,1.32,83.1,中度污染,2,1,冬季
2024-02-20,广州,华南,23.1,113.3,172.1,64.0,95.2,12.8,32.0,1.28,76.2,中度污染,2,1,冬季
2024-02-21,广州,华南,23.1,113.3,177.9,67.1,96.5,13.4,33.6,1.34,77.2,中度污染,2,1,冬季
2024-02-22,广州,华南,23.1,113.3,157.5,62.7,79.5,12.5,31.3,1.25,63.6,中度污染,2,1,冬季
2024-02-23,广州,华南,23.1,113.3,149.8,60.0,74.7,12.0,30.0,1.2,59.7,轻度污染,2,1,冬季
2024-02-24,广州,华南,23.1,113.3,130.0,46.9,74.5,9.4,23.5,0.94,59.6,轻度污染,2,1,冬季
2024-02-25,广州,华南,23.1,113.3,148.6,59.5,74.3,11.9,29.7,1.19,59.4,轻度污染,2,1,冬季
2024-02-26,广州,华南,23.1,113.3,153.5,46.0,105.7,9.2,23.0,0.92,84.6,中度污染,2,1,冬季
2024-02-27,广州,华南,23.1,113.3,217.6,78.1,125.5,15.6,39.1,1.56,100.4,重度污染,2,1,冬季
2024-02-28,广州,华南,23.1,113.3,148.6,56.2,80.4,11.2,28.1,1.12,64.3,轻度污染,2,1,冬季
2024-02-29,广州,华南,23.1,113.3,197.0,63.3,127.7,12.7,31.6,1.27,102.2,中度污染,2,1,冬季
2024-03-01,广州,华南,23.1,113.3,128.1,46.1,73.7,9.2,23.0,0.92,59.0,轻度污染,3,1,春季
2024-03-02,广州,华南,23.1,113.3,107.8,43.9,52.5,8.8,21.9,0.88,42.0,轻度污染,3,1,春季
2024-03-03,广州,华南,23.1,113.3,143.3,52.7,80.3,10.5,26.4,1.05,64.3,轻度污染,3,1,春季
2024-03-04,广州,华南,23.1,113.3,41.5,22.3,10.0,4.5,11.2,0.45,8.0,优,3,1,春季
2024-03-05,广州,华南,23.1,113.3,145.2,52.2,83.6,10.4,26.1,1.04,66.8,轻度污染,3,1,春季
2024-03-06,广州,华南,23.1,113.3,132.9,43.7,84.2,8.7,21.8,0.87,67.4,轻度污染,3,1,春季
2024-03-07,广州,华南,23.1,113.3,186.3,68.4,104.6,13.7,34.2,1.37,83.7,中度污染,3,1,春季
2024-03-08,广州,华南,23.1,113.3,166.1,53.5,107.3,10.7,26.8,1.07,85.8,中度污染,3,1,春季
2024-03-09,广州,华南,23.1,113.3,79.0,29.5,43.5,5.9,14.8,0.59,34.8,良,3,1,春季
2024-03-10,广州,华南,23.1,113.3,33.6,17.1,10.0,3.4,8.5,0.34,8.0,优,3,1,春季
2024-03-11,广州,华南,23.1,113.3,59.6,18.8,39.1,3.8,9.4,0.38,31.3,良,3,1,春季
2024-03-12,广州,华南,23.1,113.3,137.0,49.3,78.8,9.9,24.6,0.99,63.1,轻度污染,3,1,春季
2024-03-13,广州,华南,23.1,113.3,152.8,60.0,78.5,12.0,30.0,1.2,62.8,中度污染,3,1,春季
2024-03-14,广州,华南,23.1,113.3,158.3,54.7,95.4,10.9,27.3,1.09,76.3,中度污染,3,1,春季
2024-03-15,广州,华南,23.1,113.3,154.7,51.3,97.1,10.3,25.7,1.03,77.7,中度污染,3,1,春季
2024-03-16,广州,华南,23.1,113.3,156.6,52.9,96.6,10.6,26.5,1.06,77.3,中度污染,3,1,春季
2024-03-17,广州,华南,23.1,113.3,93.9,41.6,39.5,8.3,20.8,0.83,31.6,良,3,1,春季
2024-03-18,广州,华南,23.1,113.3,89.4,36.5,43.2,7.3,18.3,0.73,34.6,良,3,1,春季
2024-03-19,广州,华南,23.1,113.3,55.9,14.4,42.9,2.9,7.2,0.29,34.3,良,3,1,春季
2024-03-20,广州,华南,23.1,113.3,142.9,45.0,94.2,9.0,22.5,0.9,75.3,轻度污染,3,1,春季
2024-03-21,广州,华南,23.1,113.3,153.3,56.0,86.7,11.2,28.0,1.12,69.3,中度污染,3,1,春季
2024-03-22,广州,华南,23.1,113.3,128.7,52.9,61.8,10.6,26.4,1.06,49.4,轻度污染,3,1,春季
2024-03-23,广州,华南,23.1,113.3,167.8,58.0,100.9,11.6,29.0,1.16,80.7,中度污染,3,1,春季
2024-03-24,广州,华南,23.1,113.3,130.7,42.6,83.5,8.5,21.3,0.85,66.8,轻度污染,3,1,春季
2024-03-25,广州,华南,23.1,113.3,160.1,63.4,81.2,12.7,31.7,1.27,65.0,中度污染,3,1,春季
2024-03-26,广州,华南,23.1,113.3,154.8,50.8,98.3,10.2,25.4,1.02,78.6,中度污染,3,1,春季
2024-03-27,广州,华南,23.1,113.3,151.1,51.2,92.9,10.2,25.6,1.02,74.4,中度污染,3,1,春季
2024-03-28,广州,华南,23.1,113.3,136.0,58.3,60.7,11.7,29.1,1.17,48.5,轻度污染,3,1,春季
2024-03-29,广州,华南,23.1,113.3,134.0,55.0,64.3,11.0,27.5,1.1,51.4,轻度污染,3,1,春季
2024-03-30,广州,华南,23.1,113.3,81.0,27.2,50.2,5.4,13.6,0.54,40.2,良,3,1,春季
2024-03-31,广州,华南,23.1,113.3,68.3,22.1,43.8,4.4,11.1,0.44,35.0,良,3,1,春季
2024-04-01,广州,华南,23.1,113.3,42.4,10.2,33.8,2.0,5.1,0.2,27.1,优,4,2,春季
2024-04-02,广州,华南,23.1,113.3,138.8,50.3,79.2,10.1,25.1,1.01,63.3,轻度污染,4,2,春季
2024-04-03,广州,华南,23.1,113.3,29.8,12.5,13.8,2.5,6.2,0.25,11.1,优,4,2,春季
2024-04-04,广州,华南,23.1,113.3,78.8,26.8,48.3,5.4,13.4,0.54,38.7,良,4,2,春季
2024-04-05,广州,华南,23.1,113.3,129.1,38.4,89.3,7.7,19.2,0.77,71.5,轻度污染,4,2,春季
2024-04-06,广州,华南,23.1,113.3,84.9,32.2,45.8,6.4,16.1,0.64,36.6,良,4,2,春季
2024-04-07,广州,华南,23.1,113.3,48.2,19.3,24.1,3.9,9.6,0.39,19.3,优,4,2,春季
2024-04-08,广州,华南,23.1,113.3,100.1,36.8,56.1,7.4,18.4,0.74,44.9,轻度污染,4,2,春季
2024-04-09,广州,华南,23.1,113.3,91.9,32.3,54.3,6.5,16.2,0.65,43.5,良,4,2,春季
2024-04-10,广州,华南,23.1,113.3,144.9,53.1,81.5,10.6,26.6,1.06,65.2,轻度污染,4,2,春季
2024-04-11,广州,华南,23.1,113.3,132.3,47.8,75.8,9.6,23.9,0.96,60.6,轻度污染,4,2,春季
2024-04-12,广州,华南,23.1,113.3,120.1,49.1,58.1,9.8,24.5,0.98,46.5,轻度污染,4,2,春季
2024-04-13,广州,华南,23.1,113.3,117.9,42.3,68.1,8.5,21.2,0.85,54.5,轻度污染,4,2,春季
2024-04-14,广州,华南,23.1,113.3,153.6,58.2,82.8,11.6,29.1,1.16,66.3,中度污染,4,2,春季
2024-04-15,广州,华南,23.1,113.3,150.5,54.5,85.9,10.9,27.3,1.09,68.7,中度污染,4,2,春季
2024-04-16,广州,华南,23.1,113.3,176.6,63.8,101.1,12.8,31.9,1.28,80.9,中度污染,4,2,春季
2024-04-17,广州,华南,23.1,113.3,117.7,42.6,67.1,8.5,21.3,0.85,53.7,轻度污染,4,2,春季
2024-04-18,广州,华南,23.1,113.3,17.6,6.4,10.0,1.3,3.2,0.13,8.0,优,4,2,春季
2024-04-19,广州,华南,23.1,113.3,23.0,10.0,10.0,2.0,5.0,0.2,8.0,优,4,2,春季
2024-04-20,广州,华南,23.1,113.3,65.3,24.8,35.1,5.0,12.4,0.5,28.1,良,4,2,春季
2024-04-21,广州,华南,23.1,113.3,71.4,21.3,49.3,4.3,10.6,0.43,39.4,良,4,2,春季
2024-04-22,广州,华南,23.1,113.3,126.8,39.7,84.0,7.9,19.9,0.79,67.2,轻度污染,4,2,春季
2024-04-23,广州,华南,23.1,113.3,48.9,15.0,33.0,3.0,7.5,0.3,26.4,优,4,2,春季
2024-04-24,广州,华南,23.1,113.3,87.5,34.2,45.2,6.8,17.1,0.68,36.2,良,4,2,春季
2024-04-25,广州,华南,23.1,113.3,47.3,26.2,10.0,5.2,13.1,0.52,8.0,优,4,2,春季
2024-04-26,广州,华南,23.1,113.3,100.1,40.4,49.4,8.1,20.2,0.81,39.5,轻度污染,4,2,春季
2024-04-27,广州,华南,23.1,113.3,29.0,14.0,10.0,2.8,7.0,0.28,8.0,优,4,2,春季
2024-04-28,广州,华南,23.1,113.3,38.6,9.9,29.7,2.0,5.0,0.2,23.7,优,4,2,春季
2024-04-29,广州,华南,23.1,113.3,117.4,36.3,78.7,7.3,18.1,0.73,63.0,轻度污染,4,2,春季
2024-04-30,广州,华南,23.1,113.3,75.3,29.5,38.8,5.9,14.8,0.59,31.0,良,4,2,春季
2024-05-01,广州,华南,23.1,113.3,98.1,34.6,57.8,6.9,17.3,0.69,46.3,良,5,2,春季
2024-05-02,广州,华南,23.1,113.3,58.0,18.2,38.4,3.6,9.1,0.36,30.7,良,5,2,春季
2024-05-03,广州,华南,23.1,113.3,25.0,9.1,14.2,1.8,4.5,0.18,11.4,优,5,2,春季
2024-05-04,广州,华南,23.1,113.3,57.4,13.6,46.2,2.7,6.8,0.27,36.9,良,5,2,春季
2024-05-05,广州,华南,23.1,113.3,71.4,28.7,35.5,5.7,14.4,0.57,28.4,良,5,2,春季
2024-05-06,广州,华南,23.1,113.3,180.1,62.2,108.5,12.4,31.1,1.24,86.8,中度污染,5,2,春季
2024-05-07,广州,华南,23.1,113.3,104.6,38.0,59.5,7.6,19.0,0.76,47.6,轻度污染,5,2,春季
2024-05-08,广州,华南,23.1,113.3,15.5,5.0,10.0,1.0,2.5,0.1,8.0,优,5,2,春季
2024-05-09,广州,华南,23.1,113.3,111.6,50.3,45.2,10.1,25.2,1.01,36.1,轻度污染,5,2,春季
2024-05-10,广州,华南,23.1,113.3,184.8,62.5,113.8,12.5,31.2,1.25,91.0,中度污染,5,2,春季
2024-05-11,广州,华南,23.1,113.3,128.5,43.6,78.9,8.7,21.8,0.87,63.1,轻度污染,5,2,春季
2024-05-12,广州,华南,23.1,113.3,135.0,46.7,81.2,9.3,23.3,0.93,65.0,轻度污染,5,2,春季
2024-05-13,广州,华南,23.1,113.3,155.7,57.4,87.0,11.5,28.7,1.15,69.6,中度污染,5,2,春季
2024-05-14,广州,华南,23.1,113.3,139.8,48.2,84.3,9.6,24.1,0.96,67.4,轻度污染,5,2,春季
2024-05-15,广州,华南,23.1,113.3,137.7,45.4,86.9,9.1,22.7,0.91,69.5,轻度污染,5,2,春季
2024-05-16,广州,华南,23.1,113.3,103.2,42.4,49.6,8.5,21.2,0.85,39.7,轻度污染,5,2,春季
2024-05-17,广州,华南,23.1,113.3,141.4,50.9,81.3,10.2,25.5,1.02,65.0,轻度污染,5,2,春季
2024-05-18,广州,华南,23.1,113.3,154.6,53.8,92.4,10.8,26.9,1.08,73.9,中度污染,5,2,春季
2024-05-19,广州,华南,23.1,113.3,39.2,20.8,10.0,4.2,10.4,0.42,8.0,优,5,2,春季
2024-05-20,广州,华南,23.1,113.3,69.1,23.3,42.7,4.7,11.7,0.47,34.2,良,5,2,春季
2024-05-21,广州,华南,23.1,113.3,96.9,36.6,52.5,7.3,18.3,0.73,42.0,良,5,2,春季
2024-05-22,广州,华南,23.1,113.3,78.4,31.5,38.9,6.3,15.7,0.63,31.1,良,5,2,春季
2024-05-23,广州,华南,23.1,113.3,90.1,29.2,57.8,5.8,14.6,0.58,46.2,良,5,2,春季
2024-05-24,广州,华南,23.1,113.3,73.3,28.4,38.3,5.7,14.2,0.57,30.7,良,5,2,春季
2024-05-25,广州,华南,23.1,113.3,136.8,50.3,76.7,10.1,25.1,1.01,61.4,轻度污染,5,2,春季
2024-05-26,广州,华南,23.1,113.3,112.2,43.4,59.0,8.7,21.7,0.87,47.2,轻度污染,5,2,春季
2024-05-27,广州,华南,23.1,113.3,57.9,27.6,20.6,5.5,13.8,0.55,16.5,良,5,2,春季
2024-05-28,广州,华南,23.1,113.3,49.3,19.5,25.0,3.9,9.8,0.39,20.0,优,5,2,春季
2024-05-29,广州,华南,23.1,113.3,115.2,45.1,59.3,9.0,22.6,0.9,47.5,轻度污染,5,2,春季
2024-05-30,广州,华南,23.1,113.3,136.4,52.0,73.1,10.4,26.0,1.04,58.5,轻度污染,5,2,春季
2024-05-31,广州,华南,23.1,113.3,62.8,17.8,45.2,3.6,8.9,0.36,36.2,良,5,2,春季
2024-06-01,广州,华南,23.1,113.3,94.9,29.5,63.4,5.9,14.7,0.59,50.7,良,6,2,夏季
2024-06-02,广州,华南,23.1,113.3,68.3,26.8,35.2,5.4,13.4,0.54,28.1,良,6,2,夏季
2024-06-03,广州,华南,23.1,113.3,83.4,30.9,46.4,6.2,15.4,0.62,37.1,良,6,2,夏季
2024-06-04,广州,华南,23.1,113.3,61.7,23.9,32.4,4.8,11.9,0.48,25.9,良,6,2,夏季
2024-06-05,广州,华南,23.1,113.3,94.8,32.6,57.4,6.5,16.3,0.65,45.9,良,6,2,夏季
2024-06-06,广州,华南,23.1,113.3,48.3,22.3,18.6,4.5,11.1,0.45,14.9,优,6,2,夏季
2024-06-07,广州,华南,23.1,113.3,16.2,5.4,10.0,1.1,2.7,0.11,8.0,优,6,2,夏季
2024-06-08,广州,华南,23.1,113.3,21.1,8.7,10.0,1.7,4.4,0.17,8.0,优,6,2,夏季
2024-06-09,广州,华南,23.1,113.3,35.7,18.0,10.9,3.6,9.0,0.36,8.7,优,6,2,夏季
2024-06-10,广州,华南,23.1,113.3,17.7,6.5,10.0,1.3,3.2,0.13,8.0,优,6,2,夏季
2024-06-11,广州,华南,23.1,113.3,36.4,12.4,22.3,2.5,6.2,0.25,17.8,优,6,2,夏季
2024-06-12,广州,华南,23.1,113.3,61.7,20.3,39.1,4.1,10.1,0.41,31.3,良,6,2,夏季
2024-06-13,广州,华南,23.1,113.3,34.3,10.2,23.7,2.0,5.1,0.2,19.0,优,6,2,夏季
2024-06-14,广州,华南,23.1,113.3,104.4,25.5,82.7,5.1,12.8,0.51,66.1,轻度污染,6,2,夏季
2024-06-15,广州,华南,23.1,113.3,23.6,10.4,10.0,2.1,5.2,0.21,8.0,优,6,2,夏季
2024-06-16,广州,华南,23.1,113.3,24.6,11.1,10.0,2.2,5.5,0.22,8.0,优,6,2,夏季
2024-06-17,广州,华南,23.1,113.3,65.4,19.4,45.4,3.9,9.7,0.39,36.3,良,6,2,夏季
2024-06-18,广州,华南,23.1,113.3,109.0,35.7,69.3,7.1,17.8,0.71,55.4,轻度污染,6,2,夏季
2024-06-19,广州,华南,23.1,113.3,52.1,22.0,24.0,4.4,11.0,0.44,19.2,良,6,2,夏季
2024-06-20,广州,华南,23.1,113.3,120.9,42.3,71.9,8.5,21.1,0.85,57.5,轻度污染,6,2,夏季
2024-06-21,广州,华南,23.1,113.3,98.5,34.1,59.1,6.8,17.1,0.68,47.3,良,6,2,夏季
2024-06-22,广州,华南,23.1,113.3,76.5,29.2,40.9,5.8,14.6,0.58,32.7,良,6,2,夏季
2024-06-23,广州,华南,23.1,113.3,52.0,27.0,14.5,5.4,13.5,0.54,11.6,良,6,2,夏季
2024-06-24,广州,华南,23.1,113.3,18.3,5.0,13.5,1.0,2.5,0.1,10.8,优,6,2,夏季
2024-06-25,广州,华南,23.1,113.3,70.4,24.8,41.4,5.0,12.4,0.5,33.1,良,6,2,夏季
2024-06-26,广州,华南,23.1,113.3,84.4,29.2,50.8,5.8,14.6,0.58,40.6,良,6,2,夏季
2024-06-27,广州,华南,23.1,113.3,112.6,34.1,76.7,6.8,17.1,0.68,61.4,轻度污染,6,2,夏季
2024-06-28,广州,华南,23.1,113.3,75.5,30.0,38.2,6.0,15.0,0.6,30.6,良,6,2,夏季
2024-06-29,广州,华南,23.1,113.3,57.2,24.0,26.4,4.8,12.0,0.48,21.2,良,6,2,夏季
2024-06-30,广州,华南,23.1,113.3,69.7,28.3,34.1,5.7,14.1,0.57,27.3,良,6,2,夏季
2024-07-01,广州,华南,23.1,113.3,71.2,31.5,30.0,6.3,15.7,0.63,24.0,良,7,3,夏季
2024-07-02,广州,华南,23.1,113.3,45.9,16.1,27.2,3.2,8.1,0.32,21.8,优,7,3,夏季
2024-07-03,广州,华南,23.1,113.3,35.7,18.4,10.0,3.7,9.2,0.37,8.0,优,7,3,夏季
2024-07-04,广州,华南,23.1,113.3,75.0,21.8,52.9,4.4,10.9,0.44,42.3,良,7,3,夏季
2024-07-05,广州,华南,23.1,113.3,22.1,9.4,10.0,1.9,4.7,0.19,8.0,优,7,3,夏季
2024-07-06,广州,华南,23.1,113.3,68.4,26.5,35.9,5.3,13.2,0.53,28.7,良,7,3,夏季
2024-07-07,广州,华南,23.1,113.3,75.5,30.9,36.4,6.2,15.5,0.62,29.1,良,7,3,夏季
2024-07-08,广州,华南,23.1,113.3,42.7,20.1,15.7,4.0,10.1,0.4,12.5,优,7,3,夏季
2024-07-09,广州,华南,23.1,113.3,77.6,33.6,34.0,6.7,16.8,0.67,27.2,良,7,3,夏季
2024-07-10,广州,华南,23.1,113.3,103.5,37.1,59.7,7.4,18.6,0.74,47.8,轻度污染,7,3,夏季
2024-07-11,广州,华南,23.1,113.3,29.3,13.8,10.7,2.8,6.9,0.28,8.5,优,7,3,夏季
2024-07-12,广州,华南,23.1,113.3,24.4,10.9,10.0,2.2,5.5,0.22,8.0,优,7,3,夏季
2024-07-13,广州,华南,23.1,113.3,66.6,23.7,38.9,4.7,11.8,0.47,31.1,良,7,3,夏季
2024-07-14,广州,华南,23.1,113.3,70.1,23.4,43.7,4.7,11.7,0.47,35.0,良,7,3,夏季
2024-07-15,广州,华南,23.1,113.3,83.3,36.0,36.6,7.2,18.0,0.72,29.3,良,7,3,夏季
2024-07-16,广州,华南,23.1,113.3,20.9,8.6,10.0,1.7,4.3,0.17,8.0,优,7,3,夏季
2024-07-17,广州,华南,23.1,113.3,53.2,17.7,33.3,3.5,8.8,0.35,26.7,良,7,3,夏季
2024-07-18,广州,华南,23.1,113.3,85.8,29.5,52.0,5.9,14.7,0.59,41.6,良,7,3,夏季
2024-07-19,广州,华南,23.1,113.3,115.9,35.3,78.6,7.1,17.7,0.71,62.9,轻度污染,7,3,夏季
2024-07-20,广州,华南,23.1,113.3,107.6,34.4,70.0,6.9,17.2,0.69,56.0,轻度污染,7,3,夏季
2024-07-21,广州,华南,23.1,113.3,63.6,33.6,16.5,6.7,16.8,0.67,13.2,良,7,3,夏季
2024-07-22,广州,华南,23.1,113.3,91.0,31.9,54.0,6.4,16.0,0.64,43.2,良,7,3,夏季
2024-07-23,广州,华南,23.1,113.3,90.2,29.7,57.0,5.9,14.9,0.59,45.6,良,7,3,夏季
2024-07-24,广州,华南,23.1,113.3,40.1,21.4,10.0,4.3,10.7,0.43,8.0,优,7,3,夏季
2024-07-25,广州,华南,23.1,113.3,75.9,34.9,29.5,7.0,17.4,0.7,23.6,良,7,3,夏季
2024-07-26,广州,华南,23.1,113.3,83.3,20.1,66.4,4.0,10.1,0.4,53.1,良,7,3,夏季
2024-07-27,广州,华南,23.1,113.3,74.9,24.1,48.4,4.8,12.0,0.48,38.8,良,7,3,夏季
2024-07-28,广州,华南,23.1,113.3,21.4,8.1,11.5,1.6,4.1,0.16,9.2,优,7,3,夏季
2024-07-29,广州,华南,23.1,113.3,51.4,21.6,23.7,4.3,10.8,0.43,19.0,良,7,3,夏季
2024-07-30,广州,华南,23.1,113.3,79.1,25.7,50.6,5.1,12.9,0.51,40.5,良,7,3,夏季
2024-07-31,广州,华南,23.1,113.3,45.9,16.2,27.1,3.2,8.1,0.32,21.7,优,7,3,夏季
2024-08-01,广州,华南,23.1,113.3,55.6,15.0,41.4,3.0,7.5,0.3,33.1,良,8,3,夏季
2024-08-02,广州,华南,23.1,113.3,39.0,12.7,24.9,2.5,6.3,0.25,20.0,优,8,3,夏季
2024-08-03,广州,华南,23.1,113.3,72.1,25.4,42.6,5.1,12.7,0.51,34.1,良,8,3,夏季
2024-08-04,广州,华南,23.1,113.3,34.2,13.8,16.8,2.8,6.9,0.28,13.5,优,8,3,夏季
2024-08-05,广州,华南,23.1,113.3,78.8,24.7,52.1,4.9,12.4,0.49,41.7,良,8,3,夏季
2024-08-06,广州,华南,23.1,113.3,81.2,31.7,42.0,6.3,15.9,0.63,33.6,良,8,3,夏季
2024-08-07,广州,华南,23.1,113.3,94.9,34.3,54.4,6.9,17.1,0.69,43.5,良,8,3,夏季
2024-08-08,广州,华南,23.1,113.3,100.7,40.3,50.4,8.1,20.1,0.81,40.3,轻度污染,8,3,夏季
2024-08-09,广州,华南,23.1,113.3,132.0,49.8,71.7,10.0,24.9,1.0,57.3,轻度污染,8,3,夏季
2024-08-10,广州,华南,23.1,113.3,72.2,22.0,49.0,4.4,11.0,0.44,39.2,良,8,3,夏季
2024-08-11,广州,华南,23.1,113.3,22.1,9.4,10.0,1.9,4.7,0.19,8.0,优,8,3,夏季
2024-08-12,广州,华南,23.1,113.3,44.3,16.8,23.9,3.4,8.4,0.34,19.1,优,8,3,夏季
2024-08-13,广州,华南,23.1,113.3,57.3,27.0,21.0,5.4,13.5,0.54,16.8,良,8,3,夏季
2024-08-14,广州,华南,23.1,113.3,49.2,19.9,24.2,4.0,9.9,0.4,19.3,优,8,3,夏季
2024-08-15,广州,华南,23.1,113.3,87.2,31.6,49.9,6.3,15.8,0.63,39.9,良,8,3,夏季
2024-08-16,广州,华南,23.1,113.3,81.1,38.1,30.0,7.6,19.0,0.76,24.0,良,8,3,夏季
2024-08-17,广州,华南,23.1,113.3,90.7,31.5,54.4,6.3,15.7,0.63,43.5,良,8,3,夏季
2024-08-18,广州,华南,23.1,113.3,114.3,40.2,67.5,8.0,20.1,0.8,54.0,轻度污染,8,3,夏季
2024-08-19,广州,华南,23.1,113.3,32.6,7.7,26.3,1.5,3.9,0.15,21.0,优,8,3,夏季
2024-08-20,广州,华南,23.1,113.3,17.9,5.0,13.0,1.0,2.5,0.1,10.4,优,8,3,夏季
2024-08-21,广州,华南,23.1,113.3,20.8,8.1,10.7,1.6,4.1,0.16,8.5,优,8,3,夏季
2024-08-22,广州,华南,23.1,113.3,82.8,22.3,61.8,4.5,11.1,0.45,49.4,良,8,3,夏季
2024-08-23,广州,华南,23.1,113.3,50.0,22.5,20.3,4.5,11.2,0.45,16.3,优,8,3,夏季
2024-08-24,广州,华南,23.1,113.3,77.7,33.7,34.0,6.7,16.8,0.67,27.2,良,8,3,夏季
2024-08-25,广州,华南,23.1,113.3,73.8,28.1,39.6,5.6,14.0,0.56,31.7,良,8,3,夏季
2024-08-26,广州,华南,23.1,113.3,55.5,18.7,34.4,3.7,9.3,0.37,27.5,良,8,3,夏季
2024-08-27,广州,华南,23.1,113.3,99.6,36.5,56.1,7.3,18.2,0.73,44.9,良,8,3,夏季
2024-08-28,广州,华南,23.1,113.3,34.2,17.5,10.0,3.5,8.7,0.35,8.0,优,8,3,夏季
2024-08-29,广州,华南,23.1,113.3,101.2,24.9,79.8,5.0,12.5,0.5,63.8,轻度污染,8,3,夏季
2024-08-30,广州,华南,23.1,113.3,67.8,25.4,37.1,5.1,12.7,0.51,29.7,良,8,3,夏季
2024-08-31,广州,华南,23.1,113.3,79.3,31.7,39.7,6.3,15.8,0.63,31.7,良,8,3,夏季
2024-09-01,广州,华南,23.1,113.3,112.3,48.2,50.0,9.6,24.1,0.96,40.0,轻度污染,9,3,秋季
2024-09-02,广州,华南,23.1,113.3,86.6,28.1,55.4,5.6,14.1,0.56,44.4,良,9,3,秋季
2024-09-03,广州,华南,23.1,113.3,51.4,17.9,30.6,3.6,9.0,0.36,24.5,良,9,3,秋季
2024-09-04,广州,华南,23.1,113.3,115.1,39.4,70.0,7.9,19.7,0.79,56.0,轻度污染,9,3,秋季
2024-09-05,广州,华南,23.1,113.3,124.5,51.0,60.1,10.2,25.5,1.02,48.0,轻度污染,9,3,秋季
2024-09-06,广州,华南,23.1,113.3,31.0,8.2,23.4,1.6,4.1,0.16,18.7,优,9,3,秋季
2024-09-07,广州,华南,23.1,113.3,49.6,19.7,25.0,3.9,9.9,0.39,20.0,优,9,3,秋季
2024-09-08,广州,华南,23.1,113.3,98.7,40.8,46.7,8.2,20.4,0.82,37.4,良,9,3,秋季
2024-09-09,广州,华南,23.1,113.3,42.6,15.3,24.6,3.1,7.7,0.31,19.7,优,9,3,秋季
2024-09-10,广州,华南,23.1,113.3,102.5,41.2,50.9,8.2,20.6,0.82,40.7,轻度污染,9,3,秋季
2024-09-11,广州,华南,23.1,113.3,57.3,23.4,27.9,4.7,11.7,0.47,22.3,良,9,3,秋季
2024-09-12,广州,华南,23.1,113.3,67.6,24.5,38.5,4.9,12.3,0.49,30.8,良,9,3,秋季
2024-09-13,广州,华南,23.1,113.3,105.7,44.5,48.8,8.9,22.2,0.89,39.0,轻度污染,9,3,秋季
2024-09-14,广州,华南,23.1,113.3,80.2,30.0,43.9,6.0,15.0,0.6,35.1,良,9,3,秋季
2024-09-15,广州,华南,23.1,113.3,171.1,66.7,88.8,13.3,33.4,1.33,71.0,中度污染,9,3,秋季
2024-09-16,广州,华南,23.1,113.3,31.6,11.3,18.3,2.3,5.6,0.23,14.7,优,9,3,秋季
2024-09-17,广州,华南,23.1,113.3,49.2,20.6,22.7,4.1,10.3,0.41,18.2,优,9,3,秋季
2024-09-18,广州,华南,23.1,113.3,81.4,32.8,40.3,6.6,16.4,0.66,32.2,良,9,3,秋季
2024-09-19,广州,华南,23.1,113.3,145.7,51.2,86.2,10.2,25.6,1.02,68.9,轻度污染,9,3,秋季
2024-09-20,广州,华南,23.1,113.3,85.0,31.9,46.4,6.4,16.0,0.64,37.1,良,9,3,秋季
2024-09-21,广州,华南,23.1,113.3,68.0,21.7,44.2,4.3,10.9,0.43,35.4,良,9,3,秋季
2024-09-22,广州,华南,23.1,113.3,64.6,36.4,12.5,7.3,18.2,0.73,10.0,良,9,3,秋季
2024-09-23,广州,华南,23.1,113.3,58.5,26.3,23.8,5.3,13.1,0.53,19.1,良,9,3,秋季
2024-09-24,广州,华南,23.1,113.3,53.4,25.6,18.7,5.1,12.8,0.51,14.9,良,9,3,秋季
2024-09-25,广州,华南,23.1,113.3,122.1,52.0,55.0,10.4,26.0,1.04,44.0,轻度污染,9,3,秋季
2024-09-26,广州,华南,23.1,113.3,118.9,41.5,70.8,8.3,20.8,0.83,56.6,轻度污染,9,3,秋季
2024-09-27,广州,华南,23.1,113.3,157.3,50.2,102.5,10.0,25.1,1.0,82.0,中度污染,9,3,秋季
2024-09-28,广州,华南,23.1,113.3,83.3,33.0,42.2,6.6,16.5,0.66,33.7,良,9,3,秋季
2024-09-29,广州,华南,23.1,113.3,102.4,39.6,53.8,7.9,19.8,0.79,43.0,轻度污染,9,3,秋季
2024-09-30,广州,华南,23.1,113.3,142.9,51.3,82.4,10.3,25.7,1.03,65.9,轻度污染,9,3,秋季
2024-10-01,广州,华南,23.1,113.3,82.3,34.3,38.7,6.9,17.1,0.69,30.9,良,10,4,秋季
2024-10-02,广州,华南,23.1,113.3,103.2,43.2,48.1,8.6,21.6,0.86,38.5,轻度污染,10,4,秋季
2024-10-03,广州,华南,23.1,113.3,118.0,40.6,71.4,8.1,20.3,0.81,57.2,轻度污染,10,4,秋季
2024-10-04,广州,华南,23.1,113.3,122.4,39.9,78.1,8.0,20.0,0.8,62.5,轻度污染,10,4,秋季
2024-10-05,广州,华南,23.1,113.3,113.7,44.8,58.1,9.0,22.4,0.9,46.5,轻度污染,10,4,秋季
2024-10-06,广州,华南,23.1,113.3,130.1,42.7,82.6,8.5,21.3,0.85,66.1,轻度污染,10,4,秋季
2024-10-07,广州,华南,23.1,113.3,146.7,58.5,73.8,11.7,29.2,1.17,59.0,轻度污染,10,4,秋季
2024-10-08,广州,华南,23.1,113.3,115.1,40.7,67.7,8.1,20.3,0.81,54.1,轻度污染,10,4,秋季
2024-10-09,广州,华南,23.1,113.3,120.3,44.3,67.2,8.9,22.2,0.89,53.7,轻度污染,10,4,秋季
2024-10-10,广州,华南,23.1,113.3,179.4,69.1,94.6,13.8,34.6,1.38,75.7,中度污染,10,4,秋季
2024-10-11,广州,华南,23.1,113.3,134.1,56.2,62.3,11.2,28.1,1.12,49.8,轻度污染,10,4,秋季
2024-10-12,广州,华南,23.1,113.3,125.0,53.1,56.7,10.6,26.5,1.06,45.4,轻度污染,10,4,秋季
2024-10-13,广州,华南,23.1,113.3,91.3,36.1,46.4,7.2,18.0,0.72,37.1,良,10,4,秋季
2024-10-14,广州,华南,23.1,113.3,168.6,56.5,104.7,11.3,28.3,1.13,83.8,中度污染,10,4,秋季
2024-10-15,广州,华南,23.1,113.3,101.6,41.6,48.9,8.3,20.8,0.83,39.1,轻度污染,10,4,秋季
2024-10-16,广州,华南,23.1,113.3,72.6,33.2,28.4,6.6,16.6,0.66,22.7,良,10,4,秋季
2024-10-17,广州,华南,23.1,113.3,94.0,29.4,62.4,5.9,14.7,0.59,49.9,良,10,4,秋季
2024-10-18,广州,华南,23.1,113.3,173.8,56.5,111.3,11.3,28.3,1.13,89.0,中度污染,10,4,秋季
2024-10-19,广州,华南,23.1,113.3,185.4,69.5,101.4,13.9,34.8,1.39,81.1,中度污染,10,4,秋季
2024-10-20,广州,华南,23.1,113.3,121.2,48.7,60.2,9.7,24.4,0.97,48.2,轻度污染,10,4,秋季
2024-10-21,广州,华南,23.1,113.3,138.4,52.7,74.2,10.5,26.3,1.05,59.4,轻度污染,10,4,秋季
2024-10-22,广州,华南,23.1,113.3,208.2,71.9,125.5,14.4,35.9,1.44,100.4,重度污染,10,4,秋季
2024-10-23,广州,华南,23.1,113.3,126.6,48.7,66.9,9.7,24.4,0.97,53.5,轻度污染,10,4,秋季
2024-10-24,广州,华南,23.1,113.3,145.5,58.7,71.8,11.7,29.4,1.17,57.4,轻度污染,10,4,秋季
2024-10-25,广州,华南,23.1,113.3,130.5,56.8,56.7,11.4,28.4,1.14,45.3,轻度污染,10,4,秋季
2024-10-26,广州,华南,23.1,113.3,160.4,61.7,84.7,12.3,30.9,1.23,67.8,中度污染,10,4,秋季
2024-10-27,广州,华南,23.1,113.3,116.3,47.5,56.2,9.5,23.8,0.95,45.0,轻度污染,10,4,秋季
2024-10-28,广州,华南,23.1,113.3,148.2,57.5,77.5,11.5,28.8,1.15,62.0,轻度污染,10,4,秋季
2024-10-29,广州,华南,23.1,113.3,124.4,56.2,50.2,11.2,28.1,1.12,40.2,轻度污染,10,4,秋季
2024-10-30,广州,华南,23.1,113.3,169.7,63.3,93.4,12.7,31.7,1.27,74.7,中度污染,10,4,秋季
2024-10-31,广州,华南,23.1,113.3,160.3,55.7,96.0,11.1,27.8,1.11,76.8,中度污染,10,4,秋季
2024-11-01,广州,华南,23.1,113.3,129.8,42.7,82.3,8.5,21.3,0.85,65.8,轻度污染,11,4,秋季
2024-11-02,广州,华南,23.1,113.3,142.1,47.8,88.1,9.6,23.9,0.96,70.5,轻度污染,11,4,秋季
2024-11-03,广州,华南,23.1,113.3,134.8,44.9,84.3,9.0,22.5,0.9,67.4,轻度污染,11,4,秋季
2024-11-04,广州,华南,23.1,113.3,128.3,41.2,83.2,8.2,20.6,0.82,66.5,轻度污染,11,4,秋季
2024-11-05,广州,华南,23.1,113.3,90.5,34.7,48.0,6.9,17.4,0.69,38.4,良,11,4,秋季
2024-11-06,广州,华南,23.1,113.3,164.1,55.3,101.5,11.1,27.6,1.11,81.2,中度污染,11,4,秋季
2024-11-07,广州,华南,23.1,113.3,83.5,31.8,44.7,6.4,15.9,0.64,35.8,良,11,4,秋季
2024-11-08,广州,华南,23.1,113.3,161.7,63.8,82.5,12.8,31.9,1.28,66.0,中度污染,11,4,秋季
2024-11-09,广州,华南,23.1,113.3,129.7,53.1,62.5,10.6,26.6,1.06,50.0,轻度污染,11,4,秋季
2024-11-10,广州,华南,23.1,113.3,171.6,64.6,93.5,12.9,32.3,1.29,74.8,中度污染,11,4,秋季
2024-11-11,广州,华南,23.1,113.3,146.3,50.6,87.9,10.1,25.3,1.01,70.3,轻度污染,11,4,秋季
2024-11-12,广州,华南,23.1,113.3,156.3,59.6,83.6,11.9,29.8,1.19,66.9,中度污染,11,4,秋季
2024-11-13,广州,华南,23.1,113.3,155.7,49.7,101.3,9.9,24.9,0.99,81.0,中度污染,11,4,秋季
2024-11-14,广州,华南,23.1,113.3,85.5,35.4,40.5,7.1,17.7,0.71,32.4,良,11,4,秋季
2024-11-15,广州,华南,23.1,113.3,116.1,43.4,63.8,8.7,21.7,0.87,51.1,轻度污染,11,4,秋季
2024-11-16,广州,华南,23.1,113.3,98.9,39.6,49.3,7.9,19.8,0.79,39.5,良,11,4,秋季
2024-11-17,广州,华南,23.1,113.3,161.9,60.3,89.4,12.1,30.1,1.21,71.5,中度污染,11,4,秋季
2024-11-18,广州,华南,23.1,113.3,81.3,32.6,40.4,6.5,16.3,0.65,32.3,良,11,4,秋季
2024-11-19,广州,华南,23.1,113.3,139.8,48.5,83.8,9.7,24.2,0.97,67.0,轻度污染,11,4,秋季
2024-11-20,广州,华南,23.1,113.3,53.7,23.1,23.8,4.6,11.5,0.46,19.0,良,11,4,秋季
2024-11-21,广州,华南,23.1,113.3,170.9,56.3,108.1,11.3,28.1,1.13,86.5,中度污染,11,4,秋季
2024-11-22,广州,华南,23.1,113.3,140.6,51.4,79.5,10.3,25.7,1.03,63.6,轻度污染,11,4,秋季
2024-11-23,广州,华南,23.1,113.3,160.6,61.2,85.9,12.2,30.6,1.22,68.7,中度污染,11,4,秋季
2024-11-24,广州,华南,23.1,113.3,96.1,31.9,60.3,6.4,16.0,0.64,48.3,良,11,4,秋季
2024-11-25,广州,华南,23.1,113.3,83.3,32.0,44.1,6.4,16.0,0.64,35.3,良,11,4,秋季
2024-11-26,广州,华南,23.1,113.3,153.4,52.4,93.4,10.5,26.2,1.05,74.8,中度污染,11,4,秋季
2024-11-27,广州,华南,23.1,113.3,159.8,52.1,102.0,10.4,26.1,1.04,81.6,中度污染,11,4,秋季
2024-11-28,广州,华南,23.1,113.3,81.8,41.6,24.2,8.3,20.8,0.83,19.4,良,11,4,秋季
2024-11-29,广州,华南,23.1,113.3,96.6,42.5,41.1,8.5,21.2,0.85,32.9,良,11,4,秋季
2024-11-30,广州,华南,23.1,113.3,151.0,55.1,85.3,11.0,27.6,1.1,68.3,中度污染,11,4,秋季
2024-12-01,广州,华南,23.1,113.3,181.4,68.1,99.0,13.6,34.1,1.36,79.2,中度污染,12,4,冬季
2024-12-02,广州,华南,23.1,113.3,137.8,58.4,62.9,11.7,29.2,1.17,50.3,轻度污染,12,4,冬季
2024-12-03,广州,华南,23.1,113.3,133.7,54.2,65.5,10.8,27.1,1.08,52.4,轻度污染,12,4,冬季
2024-12-04,广州,华南,23.1,113.3,154.9,59.9,81.3,12.0,30.0,1.2,65.0,中度污染,12,4,冬季
2024-12-05,广州,华南,23.1,113.3,185.9,74.6,92.4,14.9,37.3,1.49,73.9,中度污染,12,4,冬季
2024-12-06,广州,华南,23.1,113.3,226.7,86.0,122.1,17.2,43.0,1.72,97.7,重度污染,12,4,冬季
2024-12-07,广州,华南,23.1,113.3,138.4,52.3,75.0,10.5,26.1,1.05,60.0,轻度污染,12,4,冬季
2024-12-08,广州,华南,23.1,113.3,144.2,57.3,72.7,11.5,28.7,1.15,58.2,轻度污染,12,4,冬季
2024-12-09,广州,华南,23.1,113.3,180.1,65.7,101.9,13.1,32.9,1.31,81.5,中度污染,12,4,冬季
2024-12-10,广州,华南,23.1,113.3,150.4,64.0,68.0,12.8,32.0,1.28,54.4,中度污染,12,4,冬季
2024-12-11,广州,华南,23.1,113.3,137.9,54.1,70.9,10.8,27.1,1.08,56.7,轻度污染,12,4,冬季
2024-12-12,广州,华南,23.1,113.3,127.9,53.8,59.1,10.8,26.9,1.08,47.3,轻度污染,12,4,冬季
2024-12-13,广州,华南,23.1,113.3,188.3,75.0,94.7,15.0,37.5,1.5,75.8,中度污染,12,4,冬季
2024-12-14,广州,华南,23.1,113.3,209.7,75.6,120.3,15.1,37.8,1.51,96.3,重度污染,12,4,冬季
2024-12-15,广州,华南,23.1,113.3,171.6,66.5,89.8,13.3,33.3,1.33,71.8,中度污染,12,4,冬季
2024-12-16,广州,华南,23.1,113.3,227.0,83.5,127.2,16.7,41.7,1.67,101.8,重度污染,12,4,冬季
2024-12-17,广州,华南,23.1,113.3,207.0,69.3,128.8,13.9,34.6,1.39,103.1,重度污染,12,4,冬季
2024-12-18,广州,华南,23.1,113.3,138.0,53.7,71.8,10.7,26.8,1.07,57.5,轻度污染,12,4,冬季
2024-12-19,广州,华南,23.1,113.3,202.9,68.8,124.6,13.8,34.4,1.38,99.7,重度污染,12,4,冬季
2024-12-20,广州,华南,23.1,113.3,185.3,69.3,101.7,13.9,34.7,1.39,81.4,中度污染,12,4,冬季
2024-12-21,广州,华南,23.1,113.3,211.9,75.0,124.3,15.0,37.5,1.5,99.4,重度污染,12,4,冬季
2024-12-22,广州,华南,23.1,113.3,149.1,59.8,74.4,12.0,29.9,1.2,59.5,轻度污染,12,4,冬季
2024-12-23,广州,华南,23.1,113.3,172.8,67.2,89.9,13.4,33.6,1.34,71.9,中度污染,12,4,冬季
2024-12-24,广州,华南,23.1,113.3,188.6,64.6,114.7,12.9,32.3,1.29,91.7,中度污染,12,4,冬季
2024-12-25,广州,华南,23.1,113.3,191.8,73.1,102.6,14.6,36.6,1.46,82.1,中度污染,12,4,冬季
2024-12-26,广州,华南,23.1,113.3,162.6,55.8,98.7,11.2,27.9,1.12,79.0,中度污染,12,4,冬季
2024-12-27,广州,华南,23.1,113.3,191.9,63.2,121.4,12.6,31.6,1.26,97.1,中度污染,12,4,冬季
2024-12-28,广州,华南,23.1,113.3,166.5,58.9,97.7,11.8,29.5,1.18,78.1,中度污染,12,4,冬季
2024-12-29,广州,华南,23.1,113.3,185.2,62.9,113.5,12.6,31.5,1.26,90.8,中度污染,12,4,冬季
2024-12-30,广州,华南,23.1,113.3,207.7,76.2,116.7,15.2,38.1,1.52,93.3,重度污染,12,4,冬季
2024-12-31,广州,华南,23.1,113.3,174.9,63.1,100.3,12.6,31.5,1.26,80.2,中度污染,12,4,冬季
2024-01-01,深圳,华南,22.5,114.1,185.1,68.1,103.7,13.6,34.0,1.36,83.0,中度污染,1,1,冬季
2024-01-02,深圳,华南,22.5,114.1,154.6,53.8,92.4,10.8,26.9,1.08,73.9,中度污染,1,1,冬季
2024-01-03,深圳,华南,22.5,114.1,244.9,86.6,143.7,17.3,43.3,1.73,115.0,重度污染,1,1,冬季
2024-01-04,深圳,华南,22.5,114.1,162.3,64.6,81.7,12.9,32.3,1.29,65.4,中度污染,1,1,冬季
2024-01-05,深圳,华南,22.5,114.1,157.6,56.0,92.0,11.2,28.0,1.12,73.6,中度污染,1,1,冬季
2024-01-06,深圳,华南,22.5,114.1,184.2,67.5,103.6,13.5,33.8,1.35,82.9,中度污染,1,1,冬季
2024-01-07,深圳,华南,22.5,114.1,178.8,65.8,100.2,13.2,32.9,1.32,80.1,中度污染,1,1,冬季
2024-01-08,深圳,华南,22.5,114.1,137.5,55.5,67.8,11.1,27.7,1.11,54.3,轻度污染,1,1,冬季
2024-01-09,深圳,华南,22.5,114.1,182.6,70.1,96.9,14.0,35.1,1.4,77.5,中度污染,1,1,冬季
2024-01-10,深圳,华南,22.5,114.1,136.8,50.4,76.5,10.1,25.2,1.01,61.2,轻度污染,1,1,冬季
2024-01-11,深圳,华南,22.5,114.1,219.2,80.6,122.8,16.1,40.3,1.61,98.3,重度污染,1,1,冬季
2024-01-12,深圳,华南,22.5,114.1,172.1,50.7,120.0,10.1,25.4,1.01,96.0,中度污染,1,1,冬季
2024-01-13,深圳,华南,22.5,114.1,163.1,60.5,90.4,12.1,30.3,1.21,72.4,中度污染,1,1,冬季
2024-01-14,深圳,华南,22.5,114.1,159.4,57.5,91.4,11.5,28.8,1.15,73.1,中度污染,1,1,冬季
2024-01-15,深圳,华南,22.5,114.1,109.8,46.9,49.3,9.4,23.5,0.94,39.4,轻度污染,1,1,冬季
2024-01-16,深圳,华南,22.5,114.1,181.5,66.4,102.4,13.3,33.2,1.33,81.9,中度污染,1,1,冬季
2024-01-17,深圳,华南,22.5,114.1,163.2,62.8,86.3,12.6,31.4,1.26,69.0,中度污染,1,1,冬季
2024-01-18,深圳,华南,22.5,114.1,131.8,53.6,64.3,10.7,26.8,1.07,51.4,轻度污染,1,1,冬季
2024-01-19,深圳,华南,22.5,114.1,216.1,78.1,123.7,15.6,39.0,1.56,98.9,重度污染,1,1,冬季
2024-01-20,深圳,华南,22.5,114.1,184.6,71.2,97.2,14.2,35.6,1.42,77.8,中度污染,1,1,冬季
2024-01-21,深圳,华南,22.5,114.1,154.5,59.1,82.3,11.8,29.6,1.18,65.9,中度污染,1,1,冬季
2024-01-22,深圳,华南,22.5,114.1,147.5,60.1,71.7,12.0,30.0,1.2,57.4,轻度污染,1,1,冬季
2024-01-23,深圳,华南,22.5,114.1,115.5,44.0,61.9,8.8,22.0,0.88,49.5,轻度污染,1,1,冬季
2024-01-24,深圳,华南,22.5,114.1,216.8,81.3,118.7,16.3,40.6,1.63,94.9,重度污染,1,1,冬季
2024-01-25,深圳,华南,22.5,114.1,125.0,49.6,63.3,9.9,24.8,0.99,50.6,轻度污染,1,1,冬季
2024-01-26,深圳,华南,22.5,114.1,178.4,63.0,104.9,12.6,31.5,1.26,83.9,中度污染,1,1,冬季
2024-01-27,深圳,华南,22.5,114.1,119.6,50.2,55.3,10.0,25.1,1.0,44.2,轻度污染,1,1,冬季
2024-01-28,深圳,华南,22.5,114.1,193.2,71.4,107.6,14.3,35.7,1.43,86.1,中度污染,1,1,冬季
2024-01-29,深圳,华南,22.5,114.1,162.5,53.4,103.0,10.7,26.7,1.07,82.4,中度污染,1,1,冬季
2024-01-30,深圳,华南,22.5,114.1,131.7,52.2,66.7,10.4,26.1,1.04,53.3,轻度污染,1,1,冬季
2024-01-31,深圳,华南,22.5,114.1,156.3,63.8,75.7,12.8,31.9,1.28,60.5,中度污染,1,1,冬季
2024-02-01,深圳,华南,22.5,114.1,123.2,45.9,67.9,9.2,23.0,0.92,54.3,轻度污染,2,1,冬季
2024-02-02,深圳,华南,22.5,114.1,186.8,64.8,111.9,13.0,32.4,1.3,89.6,中度污染,2,1,冬季
2024-02-03,深圳,华南,22.5,114.1,123.9,46.7,67.4,9.3,23.3,0.93,53.9,轻度污染,2,1,冬季
2024-02-04,深圳,华南,22.5,114.1,208.2,77.3,115.3,15.5,38.6,1.55,92.2,重度污染,2,1,冬季
2024-02-05,深圳,华南,22.5,114.1,206.4,70.3,126.1,14.1,35.2,1.41,100.9,重度污染,2,1,冬季
2024-02-06,深圳,华南,22.5,114.1,238.2,85.5,137.4,17.1,42.8,1.71,110.0,重度污染,2,1,冬季
2024-02-07,深圳,华南,22.5,114.1,159.0,60.3,85.7,12.1,30.2,1.21,68.6,中度污染,2,1,冬季
2024-02-08,深圳,华南,22.5,114.1,163.9,59.7,92.9,11.9,29.9,1.19,74.3,中度污染,2,1,冬季
2024-02-09,深圳,华南,22.5,114.1,106.2,40.3,57.3,8.1,20.1,0.81,45.8,轻度污染,2,1,冬季
2024-02-10,深圳,华南,22.5,114.1,152.7,62.6,73.5,12.5,31.3,1.25,58.8,中度污染,2,1,冬季
2024-02-11,深圳,华南,22.5,114.1,136.4,59.2,59.5,11.8,29.6,1.18,47.6,轻度污染,2,1,冬季
2024-02-12,深圳,华南,22.5,114.1,221.5,80.5,125.9,16.1,40.3,1.61,100.7,重度污染,2,1,冬季
2024-02-13,深圳,华南,22.5,114.1,181.4,65.0,104.9,13.0,32.5,1.3,83.9,中度污染,2,1,冬季
2024-02-14,深圳,华南,22.5,114.1,192.9,65.4,118.4,13.1,32.7,1.31,94.7,中度污染,2,1,冬季
2024-02-15,深圳,华南,22.5,114.1,236.8,83.2,139.9,16.6,41.6,1.66,111.9,重度污染,2,1,冬季
2024-02-16,深圳,华南,22.5,114.1,223.7,76.1,136.9,15.2,38.1,1.52,109.5,重度污染,2,1,冬季
2024-02-17,深圳,华南,22.5,114.1,143.7,47.4,90.7,9.5,23.7,0.95,72.6,轻度污染,2,1,冬季
2024-02-18,深圳,华南,22.5,114.1,124.3,50.6,60.5,10.1,25.3,1.01,48.4,轻度污染,2,1,冬季
2024-02-19,深圳,华南,22.5,114.1,175.3,59.4,107.8,11.9,29.7,1.19,86.2,中度污染,2,1,冬季
2024-02-20,深圳,华南,22.5,114.1,155.1,57.0,87.0,11.4,28.5,1.14,69.6,中度污染,2,1,冬季
2024-02-21,深圳,华南,22.5,114.1,179.2,60.9,109.8,12.2,30.5,1.22,87.8,中度污染,2,1,冬季
2024-02-22,深圳,华南,22.5,114.1,155.1,55.2,90.3,11.0,27.6,1.1,72.2,中度污染,2,1,冬季
2024-02-23,深圳,华南,22.5,114.1,189.7,69.7,106.5,13.9,34.8,1.39,85.2,中度污染,2,1,冬季
2024-02-24,深圳,华南,22.5,114.1,222.5,83.0,122.5,16.6,41.5,1.66,98.0,重度污染,2,1,冬季
2024-02-25,深圳,华南,22.5,114.1,170.5,52.8,114.1,10.6,26.4,1.06,91.3,中度污染,2,1,冬季
2024-02-26,深圳,华南,22.5,114.1,141.7,51.9,79.8,10.4,26.0,1.04,63.9,轻度污染,2,1,冬季
2024-02-27,深圳,华南,22.5,114.1,159.0,61.5,83.5,12.3,30.7,1.23,66.8,中度污染,2,1,冬季
2024-02-28,深圳,华南,22.5,114.1,210.0,72.8,126.0,14.6,36.4,1.46,100.8,重度污染,2,1,冬季
2024-02-29,深圳,华南,22.5,114.1,183.5,71.1,96.0,14.2,35.6,1.42,76.8,中度污染,2,1,冬季
2024-03-01,深圳,华南,22.5,114.1,125.9,45.6,71.9,9.1,22.8,0.91,57.5,轻度污染,3,1,春季
2024-03-02,深圳,华南,22.5,114.1,97.7,40.3,46.5,8.1,20.2,0.81,37.2,良,3,1,春季
2024-03-03,深圳,华南,22.5,114.1,171.1,55.6,109.6,11.1,27.8,1.11,87.7,中度污染,3,1,春季
2024-03-04,深圳,华南,22.5,114.1,129.5,45.2,77.2,9.0,22.6,0.9,61.7,轻度污染,3,1,春季
2024-03-05,深圳,华南,22.5,114.1,162.6,56.5,97.4,11.3,28.2,1.13,77.9,中度污染,3,1,春季
2024-03-06,深圳,华南,22.5,114.1,124.6,47.1,67.5,9.4,23.5,0.94,54.0,轻度污染,3,1,春季
2024-03-07,深圳,华南,22.5,114.1,129.7,45.3,77.2,9.1,22.7,0.91,61.7,轻度污染,3,1,春季
2024-03-08,深圳,华南,22.5,114.1,161.1,48.8,109.9,9.8,24.4,0.98,87.9,中度污染,3,1,春季
2024-03-09,深圳,华南,22.5,114.1,107.0,42.7,53.7,8.5,21.3,0.85,43.0,轻度污染,3,1,春季
2024-03-10,深圳,华南,22.5,114.1,84.8,30.3,49.2,6.1,15.2,0.61,39.3,良,3,1,春季
2024-03-11,深圳,华南,22.5,114.1,72.8,32.4,30.2,6.5,16.2,0.65,24.1,良,3,1,春季
2024-03-12,深圳,华南,22.5,114.1,137.3,52.4,73.3,10.5,26.2,1.05,58.6,轻度污染,3,1,春季
2024-03-13,深圳,华南,22.5,114.1,130.1,48.3,72.1,9.7,24.2,0.97,57.6,轻度污染,3,1,春季
2024-03-14,深圳,华南,22.5,114.1,189.3,69.8,105.7,14.0,34.9,1.4,84.5,中度污染,3,1,春季
2024-03-15,深圳,华南,22.5,114.1,142.9,54.4,76.5,10.9,27.2,1.09,61.2,轻度污染,3,1,春季
2024-03-16,深圳,华南,22.5,114.1,132.9,47.8,76.6,9.6,23.9,0.96,61.3,轻度污染,3,1,春季
2024-03-17,深圳,华南,22.5,114.1,157.1,53.4,96.2,10.7,26.7,1.07,77.0,中度污染,3,1,春季
2024-03-18,深圳,华南,22.5,114.1,114.0,42.9,61.9,8.6,21.5,0.86,49.5,轻度污染,3,1,春季
2024-03-19,深圳,华南,22.5,114.1,131.2,47.6,74.7,9.5,23.8,0.95,59.7,轻度污染,3,1,春季
2024-03-20,深圳,华南,22.5,114.1,116.8,44.0,63.4,8.8,22.0,0.88,50.7,轻度污染,3,1,春季
2024-03-21,深圳,华南,22.5,114.1,125.2,43.8,74.4,8.8,21.9,0.88,59.5,轻度污染,3,1,春季
2024-03-22,深圳,华南,22.5,114.1,165.0,54.3,104.5,10.9,27.2,1.09,83.6,中度污染,3,1,春季
2024-03-23,深圳,华南,22.5,114.1,179.1,62.1,107.4,12.4,31.1,1.24,85.9,中度污染,3,1,春季
2024-03-24,深圳,华南,22.5,114.1,120.6,51.5,54.3,10.3,25.7,1.03,43.4,轻度污染,3,1,春季
2024-03-25,深圳,华南,22.5,114.1,146.0,49.4,90.0,9.9,24.7,0.99,72.0,轻度污染,3,1,春季
2024-03-26,深圳,华南,22.5,114.1,161.4,54.3,99.8,10.9,27.2,1.09,79.9,中度污染,3,1,春季
2024-03-27,深圳,华南,22.5,114.1,107.0,36.3,65.6,7.3,18.2,0.73,52.5,轻度污染,3,1,春季
2024-03-28,深圳,华南,22.5,114.1,161.1,61.7,85.7,12.3,30.9,1.23,68.5,中度污染,3,1,春季
2024-03-29,深圳,华南,22.5,114.1,101.4,44.5,43.4,8.9,22.2,0.89,34.7,轻度污染,3,1,春季
2024-03-30,深圳,华南,22.5,114.1,151.8,56.3,84.2,11.3,28.1,1.13,67.4,中度污染,3,1,春季
2024-03-31,深圳,华南,22.5,114.1,73.3,25.7,43.4,5.1,12.9,0.51,34.7,良,3,1,春季
2024-04-01,深圳,华南,22.5,114.1,33.5,17.0,10.0,3.4,8.5,0.34,8.0,优,4,2,春季
2024-04-02,深圳,华南,22.5,114.1,173.1,59.0,105.8,11.8,29.5,1.18,84.7,中度污染,4,2,春季
2024-04-03,深圳,华南,22.5,114.1,115.5,36.9,75.2,7.4,18.5,0.74,60.1,轻度污染,4,2,春季
2024-04-04,深圳,华南,22.5,114.1,151.0,56.9,82.1,11.4,28.5,1.14,65.7,中度污染,4,2,春季
2024-04-05,深圳,华南,22.5,114.1,138.3,48.2,82.5,9.6,24.1,0.96,66.0,轻度污染,4,2,春季
2024-04-06,深圳,华南,22.5,114.1,52.8,17.4,33.4,3.5,8.7,0.35,26.7,良,4,2,春季
2024-04-07,深圳,华南,22.5,114.1,81.2,27.3,50.4,5.5,13.6,0.55,40.3,良,4,2,春季
2024-04-08,深圳,华南,22.5,114.1,126.1,45.2,72.8,9.0,22.6,0.9,58.2,轻度污染,4,2,春季
2024-04-09,深圳,华南,22.5,114.1,104.6,32.3,70.1,6.5,16.2,0.65,56.1,轻度污染,4,2,春季
2024-04-10,深圳,华南,22.5,114.1,146.7,54.3,81.6,10.9,27.1,1.09,65.3,轻度污染,4,2,春季
2024-04-11,深圳,华南,22.5,114.1,163.6,60.5,91.2,12.1,30.2,1.21,73.0,中度污染,4,2,春季
2024-04-12,深圳,华南,22.5,114.1,108.3,42.3,56.1,8.5,21.1,0.85,44.9,轻度污染,4,2,春季
2024-04-13,深圳,华南,22.5,114.1,133.0,50.8,71.0,10.2,25.4,1.02,56.8,轻度污染,4,2,春季
2024-04-14,深圳,华南,22.5,114.1,162.8,63.9,83.8,12.8,31.9,1.28,67.1,中度污染,4,2,春季
2024-04-15,深圳,华南,22.5,114.1,149.1,54.4,84.3,10.9,27.2,1.09,67.4,轻度污染,4,2,春季
2024-04-16,深圳,华南,22.5,114.1,149.3,51.6,89.9,10.3,25.8,1.03,71.9,轻度污染,4,2,春季
2024-04-17,深圳,华南,22.5,114.1,168.2,56.4,104.5,11.3,28.2,1.13,83.6,中度污染,4,2,春季
2024-04-18,深圳,华南,22.5,114.1,162.3,51.8,105.7,10.4,25.9,1.04,84.6,中度污染,4,2,春季
2024-04-19,深圳,华南,22.5,114.1,93.2,29.8,60.7,6.0,14.9,0.6,48.6,良,4,2,春季
2024-04-20,深圳,华南,22.5,114.1,128.1,45.6,74.6,9.1,22.8,0.91,59.7,轻度污染,4,2,春季
2024-04-21,深圳,华南,22.5,114.1,46.8,18.2,24.4,3.6,9.1,0.36,19.5,优,4,2,春季
2024-04-22,深圳,华南,22.5,114.1,68.7,30.4,28.8,6.1,15.2,0.61,23.0,良,4,2,春季
2024-04-23,深圳,华南,22.5,114.1,80.3,36.5,32.0,7.3,18.2,0.73,25.6,良,4,2,春季
2024-04-24,深圳,华南,22.5,114.1,158.3,57.3,90.4,11.5,28.7,1.15,72.3,中度污染,4,2,春季
2024-04-25,深圳,华南,22.5,114.1,59.0,29.2,19.1,5.8,14.6,0.58,15.3,良,4,2,春季
2024-04-26,深圳,华南,22.5,114.1,83.7,31.2,46.1,6.2,15.6,0.62,36.9,良,4,2,春季
2024-04-27,深圳,华南,22.5,114.1,38.8,15.7,19.0,3.1,7.9,0.31,15.2,优,4,2,春季
2024-04-28,深圳,华南,22.5,114.1,58.0,27.6,20.9,5.5,13.8,0.55,16.7,良,4,2,春季
2024-04-29,深圳,华南,22.5,114.1,117.7,49.5,54.3,9.9,24.7,0.99,43.4,轻度污染,4,2,春季
2024-04-30,深圳,华南,22.5,114.1,64.0,23.4,36.2,4.7,11.7,0.47,28.9,良,4,2,春季
2024-05-01,深圳,华南,22.5,114.1,33.2,15.5,12.4,3.1,7.8,0.31,9.9,优,5,2,春季
2024-05-02,深圳,华南,22.5,114.1,82.4,26.1,54.1,5.2,13.1,0.52,43.2,良,5,2,春季
2024-05-03,深圳,华南,22.5,114.1,116.4,47.1,57.3,9.4,23.5,0.94,45.8,轻度污染,5,2,春季
2024-05-04,深圳,华南,22.5,114.1,74.0,29.1,37.9,5.8,14.6,0.58,30.3,良,5,2,春季
2024-05-05,深圳,华南,22.5,114.1,88.5,33.1,48.6,6.6,16.5,0.66,38.8,良,5,2,春季
2024-05-06,深圳,华南,22.5,114.1,47.9,23.4,16.0,4.7,11.7,0.47,12.8,优,5,2,春季
2024-05-07,深圳,华南,22.5,114.1,65.7,19.3,46.0,3.9,9.6,0.39,36.8,良,5,2,春季
2024-05-08,深圳,华南,22.5,114.1,90.6,30.4,56.3,6.1,15.2,0.61,45.0,良,5,2,春季
2024-05-09,深圳,华南,22.5,114.1,112.1,38.7,67.5,7.7,19.4,0.77,54.0,轻度污染,5,2,春季
2024-05-10,深圳,华南,22.5,114.1,173.4,57.8,108.4,11.6,28.9,1.16,86.7,中度污染,5,2,春季
2024-05-11,深圳,华南,22.5,114.1,88.9,38.0,39.9,7.6,19.0,0.76,32.0,良,5,2,春季
2024-05-12,深圳,华南,22.5,114.1,76.9,25.7,47.9,5.1,12.9,0.51,38.3,良,5,2,春季
2024-05-13,深圳,华南,22.5,114.1,47.3,15.3,30.5,3.1,7.6,0.31,24.4,优,5,2,春季
2024-05-14,深圳,华南,22.5,114.1,119.8,39.6,75.6,7.9,19.8,0.79,60.4,轻度污染,5,2,春季
2024-05-15,深圳,华南,22.5,114.1,49.2,24.5,15.6,4.9,12.2,0.49,12.5,优,5,2,春季
2024-05-16,深圳,华南,22.5,114.1,99.5,36.4,56.2,7.3,18.2,0.73,44.9,良,5,2,春季
2024-05-17,深圳,华南,22.5,114.1,153.3,57.5,83.9,11.5,28.7,1.15,67.1,中度污染,5,2,春季
2024-05-18,深圳,华南,22.5,114.1,94.7,26.1,69.5,5.2,13.1,0.52,55.6,良,5,2,春季
2024-05-19,深圳,华南,22.5,114.1,83.0,34.1,39.8,6.8,17.0,0.68,31.9,良,5,2,春季
2024-05-20,深圳,华南,22.5,114.1,110.0,32.5,76.6,6.5,16.2,0.65,61.3,轻度污染,5,2,春季
2024-05-21,深圳,华南,22.5,114.1,57.4,27.2,20.7,5.4,13.6,0.54,16.5,良,5,2,春季
2024-05-22,深圳,华南,22.5,114.1,78.8,28.4,45.3,5.7,14.2,0.57,36.3,良,5,2,春季
2024-05-23,深圳,华南,22.5,114.1,96.1,31.5,61.0,6.3,15.8,0.63,48.8,良,5,2,春季
2024-05-24,深圳,华南,22.5,114.1,15.8,5.2,10.0,1.0,2.6,0.1,8.0,优,5,2,春季
2024-05-25,深圳,华南,22.5,114.1,120.8,37.0,81.7,7.4,18.5,0.74,65.4,轻度污染,5,2,春季
2024-05-26,深圳,华南,22.5,114.1,79.1,27.1,48.0,5.4,13.6,0.54,38.4,良,5,2,春季
2024-05-27,深圳,华南,22.5,114.1,66.9,23.1,40.4,4.6,11.5,0.46,32.3,良,5,2,春季
2024-05-28,深圳,华南,22.5,114.1,22.7,8.6,12.3,1.7,4.3,0.17,9.9,优,5,2,春季
2024-05-29,深圳,华南,22.5,114.1,171.0,61.3,98.9,12.3,30.6,1.23,79.1,中度污染,5,2,春季
2024-05-30,深圳,华南,22.5,114.1,110.2,39.4,63.8,7.9,19.7,0.79,51.0,轻度污染,5,2,春季
2024-05-31,深圳,华南,22.5,114.1,65.3,27.0,31.1,5.4,13.5,0.54,24.9,良,5,2,春季
2024-06-01,深圳,华南,22.5,114.1,98.8,36.5,55.0,7.3,18.3,0.73,44.0,良,6,2,夏季
2024-06-02,深圳,华南,22.5,114.1,35.7,18.5,10.0,3.7,9.2,0.37,8.0,优,6,2,夏季
2024-06-03,深圳,华南,22.5,114.1,59.7,21.8,33.7,4.4,10.9,0.44,27.0,良,6,2,夏季
2024-06-04,深圳,华南,22.5,114.1,100.2,34.5,60.5,6.9,17.3,0.69,48.4,轻度污染,6,2,夏季
2024-06-05,深圳,华南,22.5,114.1,79.8,27.5,48.2,5.5,13.7,0.55,38.6,良,6,2,夏季
2024-06-06,深圳,华南,22.5,114.1,31.0,5.0,29.3,1.0,2.5,0.1,23.5,优,6,2,夏季
2024-06-07,深圳,华南,22.5,114.1,114.3,42.8,62.7,8.6,21.4,0.86,50.1,轻度污染,6,2,夏季
2024-06-08,深圳,华南,22.5,114.1,105.9,37.2,62.6,7.4,18.6,0.74,50.1,轻度污染,6,2,夏季
2024-06-09,深圳,华南,22.5,114.1,60.6,21.7,35.2,4.3,10.8,0.43,28.1,良,6,2,夏季
2024-06-10,深圳,华南,22.5,114.1,88.3,33.2,48.2,6.6,16.6,0.66,38.6,良,6,2,夏季
2024-06-11,深圳,华南,22.5,114.1,37.9,8.3,31.8,1.7,4.1,0.17,25.5,优,6,2,夏季
2024-06-12,深圳,华南,22.5,114.1,90.5,42.6,33.2,8.5,21.3,0.85,26.5,良,6,2,夏季
2024-06-13,深圳,华南,22.5,114.1,36.7,17.5,13.0,3.5,8.8,0.35,10.4,优,6,2,夏季
2024-06-14,深圳,华南,22.5,114.1,40.0,5.0,40.6,1.0,2.5,0.1,32.5,优,6,2,夏季
2024-06-15,深圳,华南,22.5,114.1,65.0,25.5,33.3,5.1,12.8,0.51,26.7,良,6,2,夏季
2024-06-16,深圳,华南,22.5,114.1,43.3,20.8,15.1,4.2,10.4,0.42,12.1,优,6,2,夏季
2024-06-17,深圳,华南,22.5,114.1,124.8,49.3,63.5,9.9,24.7,0.99,50.8,轻度污染,6,2,夏季
2024-06-18,深圳,华南,22.5,114.1,96.6,39.6,46.5,7.9,19.8,0.79,37.2,良,6,2,夏季
2024-06-19,深圳,华南,22.5,114.1,125.3,46.9,68.7,9.4,23.5,0.94,54.9,轻度污染,6,2,夏季
2024-06-20,深圳,华南,22.5,114.1,120.0,42.8,69.8,8.6,21.4,0.86,55.9,轻度污染,6,2,夏季
2024-06-21,深圳,华南,22.5,114.1,89.3,37.8,40.7,7.6,18.9,0.76,32.6,良,6,2,夏季
2024-06-22,深圳,华南,22.5,114.1,55.3,15.7,39.7,3.1,7.8,0.31,31.8,良,6,2,夏季
2024-06-23,深圳,华南,22.5,114.1,126.1,41.1,80.6,8.2,20.5,0.82,64.5,轻度污染,6,2,夏季
2024-06-24,深圳,华南,22.5,114.1,46.7,20.8,19.4,4.2,10.4,0.42,15.5,优,6,2,夏季
2024-06-25,深圳,华南,22.5,114.1,47.5,23.4,15.5,4.7,11.7,0.47,12.4,优,6,2,夏季
2024-06-26,深圳,华南,22.5,114.1,98.1,32.3,62.0,6.5,16.2,0.65,49.6,良,6,2,夏季
2024-06-27,深圳,华南,22.5,114.1,82.5,37.2,33.4,7.4,18.6,0.74,26.7,良,6,2,夏季
2024-06-28,深圳,华南,22.5,114.1,101.3,41.0,49.7,8.2,20.5,0.82,39.8,轻度污染,6,2,夏季
2024-06-29,深圳,华南,22.5,114.1,15.5,5.0,10.0,1.0,2.5,0.1,8.0,优,6,2,夏季
2024-06-30,深圳,华南,22.5,114.1,55.4,22.7,26.8,4.5,11.3,0.45,21.5,良,6,2,夏季
2024-07-01,深圳,华南,22.5,114.1,71.8,33.8,26.3,6.8,16.9,0.68,21.0,良,7,3,夏季
2024-07-02,深圳,华南,22.5,114.1,59.4,22.5,31.9,4.5,11.3,0.45,25.6,良,7,3,夏季
2024-07-03,深圳,华南,22.5,114.1,91.7,37.3,44.7,7.5,18.6,0.75,35.8,良,7,3,夏季
2024-07-04,深圳,华南,22.5,114.1,15.5,5.0,10.0,1.0,2.5,0.1,8.0,优,7,3,夏季
2024-07-05,深圳,华南,22.5,114.1,107.7,40.2,59.2,8.0,20.1,0.8,47.4,轻度污染,7,3,夏季
2024-07-06,深圳,华南,22.5,114.1,87.7,35.7,42.7,7.1,17.8,0.71,34.2,良,7,3,夏季
2024-07-07,深圳,华南,22.5,114.1,77.1,28.5,42.9,5.7,14.3,0.57,34.3,良,7,3,夏季
2024-07-08,深圳,华南,22.5,114.1,136.6,47.0,82.7,9.4,23.5,0.94,66.2,轻度污染,7,3,夏季
2024-07-09,深圳,华南,22.5,114.1,90.2,33.8,49.5,6.8,16.9,0.68,39.6,良,7,3,夏季
2024-07-10,深圳,华南,22.5,114.1,100.9,33.5,63.2,6.7,16.8,0.67,50.6,轻度污染,7,3,夏季
2024-07-11,深圳,华南,22.5,114.1,78.0,25.6,49.5,5.1,12.8,0.51,39.6,良,7,3,夏季
2024-07-12,深圳,华南,22.5,114.1,103.8,45.5,44.4,9.1,22.8,0.91,35.5,轻度污染,7,3,夏季
2024-07-13,深圳,华南,22.5,114.1,88.6,33.6,47.7,6.7,16.8,0.67,38.2,良,7,3,夏季
2024-07-14,深圳,华南,22.5,114.1,76.2,27.7,43.3,5.5,13.9,0.55,34.7,良,7,3,夏季
2024-07-15,深圳,华南,22.5,114.1,77.1,32.8,34.9,6.6,16.4,0.66,27.9,良,7,3,夏季
2024-07-16,深圳,华南,22.5,114.1,27.0,12.7,10.0,2.5,6.3,0.25,8.0,优,7,3,夏季
2024-07-17,深圳,华南,22.5,114.1,56.3,28.2,17.5,5.6,14.1,0.56,14.0,良,7,3,夏季
2024-07-18,深圳,华南,22.5,114.1,100.2,33.9,61.7,6.8,16.9,0.68,49.4,轻度污染,7,3,夏季
2024-07-19,深圳,华南,22.5,114.1,48.2,14.2,33.7,2.8,7.1,0.28,27.0,优,7,3,夏季
2024-07-20,深圳,华南,22.5,114.1,126.3,47.1,69.5,9.4,23.6,0.94,55.6,轻度污染,7,3,夏季
2024-07-21,深圳,华南,22.5,114.1,61.7,25.0,30.3,5.0,12.5,0.5,24.3,良,7,3,夏季
2024-07-22,深圳,华南,22.5,114.1,133.4,47.2,78.2,9.4,23.6,0.94,62.6,轻度污染,7,3,夏季
2024-07-23,深圳,华南,22.5,114.1,70.9,24.9,42.0,5.0,12.4,0.5,33.6,良,7,3,夏季
2024-07-24,深圳,华南,22.5,114.1,91.3,35.0,48.6,7.0,17.5,0.7,38.9,良,7,3,夏季
2024-07-25,深圳,华南,22.5,114.1,93.3,40.5,40.7,8.1,20.3,0.81,32.5,良,7,3,夏季
2024-07-26,深圳,华南,22.5,114.1,82.4,26.3,53.6,5.3,13.2,0.53,42.9,良,7,3,夏季
2024-07-27,深圳,华南,22.5,114.1,15.5,5.0,10.0,1.0,2.5,0.1,8.0,优,7,3,夏季
2024-07-28,深圳,华南,22.5,114.1,76.6,22.4,53.7,4.5,11.2,0.45,43.0,良,7,3,夏季
2024-07-29,深圳,华南,22.5,114.1,15.5,5.0,10.0,1.0,2.5,0.1,8.0,优,7,3,夏季
2024-07-30,深圳,华南,22.5,114.1,122.3,31.0,94.8,6.2,15.5,0.62,75.8,轻度污染,7,3,夏季
2024-07-31,深圳,华南,22.5,114.1,66.4,16.6,51.9,3.3,8.3,0.33,41.5,良,7,3,夏季
2024-08-01,深圳,华南,22.5,114.1,59.1,23.8,29.2,4.8,11.9,0.48,23.4,良,8,3,夏季
2024-08-02,深圳,华南,22.5,114.1,59.2,26.3,24.6,5.3,13.2,0.53,19.7,良,8,3,夏季
2024-08-03,深圳,华南,22.5,114.1,166.3,59.0,97.3,11.8,29.5,1.18,77.9,中度污染,8,3,夏季
2024-08-04,深圳,华南,22.5,114.1,107.1,39.3,60.1,7.9,19.7,0.79,48.1,轻度污染,8,3,夏季
2024-08-05,深圳,华南,22.5,114.1,34.5,15.0,15.0,3.0,7.5,0.3,12.0,优,8,3,夏季
2024-08-06,深圳,华南,22.5,114.1,58.2,14.1,46.3,2.8,7.1,0.28,37.0,良,8,3,夏季
2024-08-07,深圳,华南,22.5,114.1,40.1,20.4,11.9,4.1,10.2,0.41,9.5,优,8,3,夏季
2024-08-08,深圳,华南,22.5,114.1,62.9,30.7,21.0,6.1,15.4,0.61,16.8,良,8,3,夏季
2024-08-09,深圳,华南,22.5,114.1,28.5,13.6,10.0,2.7,6.8,0.27,8.0,优,8,3,夏季
2024-08-10,深圳,华南,22.5,114.1,80.3,34.6,35.4,6.9,17.3,0.69,28.4,良,8,3,夏季
2024-08-11,深圳,华南,22.5,114.1,45.1,19.1,20.6,3.8,9.5,0.38,16.5,优,8,3,夏季
2024-08-12,深圳,华南,22.5,114.1,64.4,15.3,51.8,3.1,7.7,0.31,41.4,良,8,3,夏季
2024-08-13,深圳,华南,22.5,114.1,94.0,28.5,64.1,5.7,14.2,0.57,51.3,良,8,3,夏季
2024-08-14,深圳,华南,22.5,114.1,80.7,38.5,28.6,7.7,19.3,0.77,22.8,良,8,3,夏季
2024-08-15,深圳,华南,22.5,114.1,29.8,10.8,17.1,2.2,5.4,0.22,13.7,优,8,3,夏季
2024-08-16,深圳,华南,22.5,114.1,42.1,9.1,35.4,1.8,4.6,0.18,28.4,优,8,3,夏季
2024-08-17,深圳,华南,22.5,114.1,74.5,23.5,49.0,4.7,11.8,0.47,39.2,良,8,3,夏季
2024-08-18,深圳,华南,22.5,114.1,120.4,45.5,65.2,9.1,22.7,0.91,52.2,轻度污染,8,3,夏季
2024-08-19,深圳,华南,22.5,114.1,61.9,19.7,40.4,3.9,9.8,0.39,32.3,良,8,3,夏季
2024-08-20,深圳,华南,22.5,114.1,57.9,22.3,30.7,4.5,11.1,0.45,24.5,良,8,3,夏季
2024-08-21,深圳,华南,22.5,114.1,52.9,14.9,38.1,3.0,7.5,0.3,30.4,良,8,3,夏季
2024-08-22,深圳,华南,22.5,114.1,48.2,21.9,19.2,4.4,10.9,0.44,15.4,优,8,3,夏季
2024-08-23,深圳,华南,22.5,114.1,71.9,26.3,40.6,5.3,13.1,0.53,32.5,良,8,3,夏季
2024-08-24,深圳,华南,22.5,114.1,56.9,26.5,21.4,5.3,13.3,0.53,17.1,良,8,3,夏季
2024-08-25,深圳,华南,22.5,114.1,73.4,23.3,48.2,4.7,11.6,0.47,38.5,良,8,3,夏季
2024-08-26,深圳,华南,22.5,114.1,88.9,36.0,43.7,7.2,18.0,0.72,35.0,良,8,3,夏季
2024-08-27,深圳,华南,22.5,114.1,110.4,38.3,66.2,7.7,19.2,0.77,53.0,轻度污染,8,3,夏季
2024-08-28,深圳,华南,22.5,114.1,15.5,5.0,10.0,1.0,2.5,0.1,8.0,优,8,3,夏季
2024-08-29,深圳,华南,22.5,114.1,18.5,7.0,10.0,1.4,3.5,0.14,8.0,优,8,3,夏季
2024-08-30,深圳,华南,22.5,114.1,103.2,40.2,53.6,8.0,20.1,0.8,42.9,轻度污染,8,3,夏季
2024-08-31,深圳,华南,22.5,114.1,21.1,8.7,10.0,1.7,4.4,0.17,8.0,优,8,3,夏季
2024-09-01,深圳,华南,22.5,114.1,65.9,28.4,29.2,5.7,14.2,0.57,23.3,良,9,3,秋季
2024-09-02,深圳,华南,22.5,114.1,92.4,37.5,45.2,7.5,18.7,0.75,36.2,良,9,3,秋季
2024-09-03,深圳,华南,22.5,114.1,84.6,32.6,44.6,6.5,16.3,0.65,35.7,良,9,3,秋季
2024-09-04,深圳,华南,22.5,114.1,148.7,57.9,77.3,11.6,28.9,1.16,61.8,轻度污染,9,3,秋季
2024-09-05,深圳,华南,22.5,114.1,46.3,19.8,20.8,4.0,9.9,0.4,16.7,优,9,3,秋季
2024-09-06,深圳,华南,22.5,114.1,54.8,21.8,27.6,4.4,10.9,0.44,22.0,良,9,3,秋季
2024-09-07,深圳,华南,22.5,114.1,86.2,28.9,53.6,5.8,14.4,0.58,42.9,良,9,3,秋季
2024-09-08,深圳,华南,22.5,114.1,97.5,39.4,48.0,7.9,19.7,0.79,38.4,良,9,3,秋季
2024-09-09,深圳,华南,22.5,114.1,130.3,39.0,89.9,7.8,19.5,0.78,71.9,轻度污染,9,3,秋季
2024-09-10,深圳,华南,22.5,114.1,115.1,38.5,71.7,7.7,19.3,0.77,57.3,轻度污染,9,3,秋季
2024-09-11,深圳,华南,22.5,114.1,101.2,39.7,52.0,7.9,19.9,0.79,41.6,轻度污染,9,3,秋季
2024-09-12,深圳,华南,22.5,114.1,88.6,32.5,49.7,6.5,16.3,0.65,39.8,良,9,3,秋季
2024-09-13,深圳,华南,22.5,114.1,124.4,40.5,79.5,8.1,20.3,0.81,63.6,轻度污染,9,3,秋季
2024-09-14,深圳,华南,22.5,114.1,56.0,18.7,34.9,3.7,9.4,0.37,27.9,良,9,3,秋季
2024-09-15,深圳,华南,22.5,114.1,94.5,38.8,45.3,7.8,19.4,0.78,36.2,良,9,3,秋季
2024-09-16,深圳,华南,22.5,114.1,66.4,27.0,32.3,5.4,13.5,0.54,25.8,良,9,3,秋季
2024-09-17,深圳,华南,22.5,114.1,69.7,29.4,32.0,5.9,14.7,0.59,25.6,良,9,3,秋季
2024-09-18,深圳,华南,22.5,114.1,149.9,51.3,91.1,10.3,25.7,1.03,72.9,轻度污染,9,3,秋季
2024-09-19,深圳,华南,22.5,114.1,137.0,45.2,86.6,9.0,22.6,0.9,69.3,轻度污染,9,3,秋季
2024-09-20,深圳,华南,22.5,114.1,138.8,52.2,75.7,10.4,26.1,1.04,60.5,轻度污染,9,3,秋季
2024-09-21,深圳,华南,22.5,114.1,38.5,20.1,10.4,4.0,10.1,0.4,8.3,优,9,3,秋季
2024-09-22,深圳,华南,22.5,114.1,74.6,23.3,49.6,4.7,11.6,0.47,39.7,良,9,3,秋季
2024-09-23,深圳,华南,22.5,114.1,79.7,37.0,30.3,7.4,18.5,0.74,24.2,良,9,3,秋季
2024-09-24,深圳,华南,22.5,114.1,51.4,12.3,41.2,2.5,6.1,0.25,33.0,良,9,3,秋季
2024-09-25,深圳,华南,22.5,114.1,109.7,38.3,65.3,7.7,19.1,0.77,52.3,轻度污染,9,3,秋季
2024-09-26,深圳,华南,22.5,114.1,110.9,35.2,72.7,7.0,17.6,0.7,58.1,轻度污染,9,3,秋季
2024-09-27,深圳,华南,22.5,114.1,98.7,30.7,65.8,6.1,15.3,0.61,52.6,良,9,3,秋季
2024-09-28,深圳,华南,22.5,114.1,59.7,21.5,34.3,4.3,10.7,0.43,27.4,良,9,3,秋季
2024-09-29,深圳,华南,22.5,114.1,133.1,40.4,90.7,8.1,20.2,0.81,72.5,轻度污染,9,3,秋季
2024-09-30,深圳,华南,22.5,114.1,133.3,43.7,84.7,8.7,21.9,0.87,67.8,轻度污染,9,3,秋季
2024-10-01,深圳,华南,22.5,114.1,107.5,44.2,51.4,8.8,22.1,0.88,41.1,轻度污染,10,4,秋季
2024-10-02,深圳,华南,22.5,114.1,128.1,45.2,75.3,9.0,22.6,0.9,60.2,轻度污染,10,4,秋季
2024-10-03,深圳,华南,22.5,114.1,110.4,41.2,60.7,8.2,20.6,0.82,48.6,轻度污染,10,4,秋季
2024-10-04,深圳,华南,22.5,114.1,142.0,52.4,79.3,10.5,26.2,1.05,63.4,轻度污染,10,4,秋季
2024-10-05,深圳,华南,22.5,114.1,138.4,51.4,76.6,10.3,25.7,1.03,61.3,轻度污染,10,4,秋季
2024-10-06,深圳,华南,22.5,114.1,201.8,66.0,128.4,13.2,33.0,1.32,102.7,重度污染,10,4,秋季
2024-10-07,深圳,华南,22.5,114.1,114.2,46.7,55.1,9.3,23.4,0.93,44.1,轻度污染,10,4,秋季
2024-10-08,深圳,华南,22.5,114.1,129.7,42.2,83.0,8.4,21.1,0.84,66.4,轻度污染,10,4,秋季
2024-10-09,深圳,华南,22.5,114.1,148.2,54.8,82.5,11.0,27.4,1.1,66.0,轻度污染,10,4,秋季
2024-10-10,深圳,华南,22.5,114.1,175.0,59.8,106.6,12.0,29.9,1.2,85.3,中度污染,10,4,秋季
2024-10-11,深圳,华南,22.5,114.1,126.2,47.4,68.9,9.5,23.7,0.95,55.1,轻度污染,10,4,秋季
2024-10-12,深圳,华南,22.5,114.1,144.2,49.1,88.1,9.8,24.6,0.98,70.5,轻度污染,10,4,秋季
2024-10-13,深圳,华南,22.5,114.1,160.3,54.5,98.2,10.9,27.2,1.09,78.6,中度污染,10,4,秋季
2024-10-14,深圳,华南,22.5,114.1,103.0,38.6,56.4,7.7,19.3,0.77,45.1,轻度污染,10,4,秋季
2024-10-15,深圳,华南,22.5,114.1,133.2,46.7,78.9,9.3,23.4,0.93,63.1,轻度污染,10,4,秋季
2024-10-16,深圳,华南,22.5,114.1,156.6,54.2,94.2,10.8,27.1,1.08,75.3,中度污染,10,4,秋季
2024-10-17,深圳,华南,22.5,114.1,183.1,55.1,125.5,11.0,27.6,1.1,100.4,中度污染,10,4,秋季
2024-10-18,深圳,华南,22.5,114.1,78.3,37.7,27.1,7.5,18.9,0.75,21.7,良,10,4,秋季
2024-10-19,深圳,华南,22.5,114.1,118.8,47.3,59.8,9.5,23.7,0.95,47.8,轻度污染,10,4,秋季
2024-10-20,深圳,华南,22.5,114.1,72.0,27.8,37.9,5.6,13.9,0.56,30.3,良,10,4,秋季
2024-10-21,深圳,华南,22.5,114.1,123.9,41.9,76.3,8.4,20.9,0.84,61.1,轻度污染,10,4,秋季
2024-10-22,深圳,华南,22.5,114.1,160.5,56.7,94.3,11.3,28.4,1.13,75.5,中度污染,10,4,秋季
2024-10-23,深圳,华南,22.5,114.1,119.9,46.3,63.1,9.3,23.1,0.93,50.5,轻度污染,10,4,秋季
2024-10-24,深圳,华南,22.5,114.1,208.4,72.0,125.4,14.4,36.0,1.44,100.3,重度污染,10,4,秋季
2024-10-25,深圳,华南,22.5,114.1,152.4,53.9,89.4,10.8,27.0,1.08,71.6,中度污染,10,4,秋季
2024-10-26,深圳,华南,22.5,114.1,129.7,45.2,77.3,9.0,22.6,0.9,61.9,轻度污染,10,4,秋季
2024-10-27,深圳,华南,22.5,114.1,180.6,67.3,99.6,13.5,33.6,1.35,79.7,中度污染,10,4,秋季
2024-10-28,深圳,华南,22.5,114.1,142.0,44.3,94.5,8.9,22.2,0.89,75.6,轻度污染,10,4,秋季
2024-10-29,深圳,华南,22.5,114.1,131.7,46.9,76.7,9.4,23.4,0.94,61.3,轻度污染,10,4,秋季
2024-10-30,深圳,华南,22.5,114.1,146.7,57.8,74.9,11.6,28.9,1.16,59.9,轻度污染,10,4,秋季
2024-10-31,深圳,华南,22.5,114.1,144.0,56.4,74.2,11.3,28.2,1.13,59.4,轻度污染,10,4,秋季
2024-11-01,深圳,华南,22.5,114.1,145.6,58.2,72.8,11.6,29.1,1.16,58.3,轻度污染,11,4,秋季
2024-11-02,深圳,华南,22.5,114.1,147.7,61.3,69.7,12.3,30.7,1.23,55.7,轻度污染,11,4,秋季
2024-11-03,深圳,华南,22.5,114.1,134.7,49.8,74.9,10.0,24.9,1.0,59.9,轻度污染,11,4,秋季
2024-11-04,深圳,华南,22.5,114.1,117.5,39.0,73.7,7.8,19.5,0.78,59.0,轻度污染,11,4,秋季
2024-11-05,深圳,华南,22.5,114.1,103.4,33.5,66.6,6.7,16.7,0.67,53.2,轻度污染,11,4,秋季
2024-11-06,深圳,华南,22.5,114.1,168.6,63.8,91.1,12.8,31.9,1.28,72.9,中度污染,11,4,秋季
2024-11-07,深圳,华南,22.5,114.1,93.0,39.6,41.9,7.9,19.8,0.79,33.5,良,11,4,秋季
2024-11-08,深圳,华南,22.5,114.1,133.6,49.5,74.1,9.9,24.8,0.99,59.3,轻度污染,11,4,秋季
2024-11-09,深圳,华南,22.5,114.1,133.7,41.2,89.8,8.2,20.6,0.82,71.8,轻度污染,11,4,秋季
2024-11-10,深圳,华南,22.5,114.1,110.5,42.8,57.9,8.6,21.4,0.86,46.4,轻度污染,11,4,秋季
2024-11-11,深圳,华南,22.5,114.1,129.8,49.6,69.3,9.9,24.8,0.99,55.4,轻度污染,11,4,秋季
2024-11-12,深圳,华南,22.5,114.1,101.0,35.0,60.6,7.0,17.5,0.7,48.5,轻度污染,11,4,秋季
2024-11-13,深圳,华南,22.5,114.1,35.9,13.3,20.1,2.7,6.6,0.27,16.0,优,11,4,秋季
2024-11-14,深圳,华南,22.5,114.1,64.9,21.3,41.2,4.3,10.6,0.43,33.0,良,11,4,秋季
2024-11-15,深圳,华南,22.5,114.1,81.0,30.1,44.9,6.0,15.0,0.6,35.9,良,11,4,秋季
2024-11-16,深圳,华南,22.5,114.1,59.5,25.7,26.3,5.1,12.8,0.51,21.1,良,11,4,秋季
2024-11-17,深圳,华南,22.5,114.1,64.9,33.4,18.5,6.7,16.7,0.67,14.8,良,11,4,秋季
2024-11-18,深圳,华南,22.5,114.1,189.8,68.2,109.4,13.6,34.1,1.36,87.5,中度污染,11,4,秋季
2024-11-19,深圳,华南,22.5,114.1,76.7,33.3,33.5,6.7,16.6,0.67,26.8,良,11,4,秋季
2024-11-20,深圳,华南,22.5,114.1,38.2,20.2,10.0,4.0,10.1,0.4,8.0,优,11,4,秋季
2024-11-21,深圳,华南,22.5,114.1,90.2,32.0,52.7,6.4,16.0,0.64,42.1,良,11,4,秋季
2024-11-22,深圳,华南,22.5,114.1,118.9,43.5,67.0,8.7,21.7,0.87,53.6,轻度污染,11,4,秋季
2024-11-23,深圳,华南,22.5,114.1,163.3,59.0,93.5,11.8,29.5,1.18,74.8,中度污染,11,4,秋季
2024-11-24,深圳,华南,22.5,114.1,118.3,40.0,72.9,8.0,20.0,0.8,58.3,轻度污染,11,4,秋季
2024-11-25,深圳,华南,22.5,114.1,126.2,41.0,81.0,8.2,20.5,0.82,64.8,轻度污染,11,4,秋季
2024-11-26,深圳,华南,22.5,114.1,170.4,52.3,115.0,10.5,26.1,1.05,92.0,中度污染,11,4,秋季
2024-11-27,深圳,华南,22.5,114.1,121.8,41.0,75.3,8.2,20.5,0.82,60.3,轻度污染,11,4,秋季
2024-11-28,深圳,华南,22.5,114.1,87.7,35.6,42.9,7.1,17.8,0.71,34.3,良,11,4,秋季
2024-11-29,深圳,华南,22.5,114.1,103.6,36.2,61.7,7.2,18.1,0.72,49.3,轻度污染,11,4,秋季
2024-11-30,深圳,华南,22.5,114.1,139.1,52.7,75.1,10.5,26.3,1.05,60.1,轻度污染,11,4,秋季
2024-12-01,深圳,华南,22.5,114.1,175.5,68.6,90.7,13.7,34.3,1.37,72.5,中度污染,12,4,冬季
2024-12-02,深圳,华南,22.5,114.1,180.0,71.0,91.8,14.2,35.5,1.42,73.4,中度污染,12,4,冬季
2024-12-03,深圳,华南,22.5,114.1,153.3,64.0,71.6,12.8,32.0,1.28,57.3,中度污染,12,4,冬季
2024-12-04,深圳,华南,22.5,114.1,186.6,63.6,114.1,12.7,31.8,1.27,91.3,中度污染,12,4,冬季
2024-12-05,深圳,华南,22.5,114.1,164.2,60.5,91.7,12.1,30.3,1.21,73.4,中度污染,12,4,冬季
2024-12-06,深圳,华南,22.5,114.1,185.7,66.7,107.0,13.3,33.3,1.33,85.6,中度污染,12,4,冬季
2024-12-07,深圳,华南,22.5,114.1,167.5,61.2,94.7,12.2,30.6,1.22,75.7,中度污染,12,4,冬季
2024-12-08,深圳,华南,22.5,114.1,192.3,71.9,105.7,14.4,35.9,1.44,84.5,中度污染,12,4,冬季
2024-12-09,深圳,华南,22.5,114.1,213.2,78.1,120.1,15.6,39.1,1.56,96.1,重度污染,12,4,冬季
2024-12-10,深圳,华南,22.5,114.1,176.8,63.2,102.4,12.6,31.6,1.26,81.9,中度污染,12,4,冬季
2024-12-11,深圳,华南,22.5,114.1,152.7,55.5,86.8,11.1,27.7,1.11,69.4,中度污染,12,4,冬季
2024-12-12,深圳,华南,22.5,114.1,161.8,61.1,87.6,12.2,30.5,1.22,70.1,中度污染,12,4,冬季
2024-12-13,深圳,华南,22.5,114.1,180.1,64.2,104.7,12.8,32.1,1.28,83.7,中度污染,12,4,冬季
2024-12-14,深圳,华南,22.5,114.1,158.9,63.1,80.2,12.6,31.6,1.26,64.2,中度污染,12,4,冬季
2024-12-15,深圳,华南,22.5,114.1,185.6,67.1,106.2,13.4,33.5,1.34,84.9,中度污染,12,4,冬季
2024-12-16,深圳,华南,22.5,114.1,192.6,73.1,103.6,14.6,36.6,1.46,82.9,中度污染,12,4,冬季
2024-12-17,深圳,华南,22.5,114.1,144.1,60.0,67.6,12.0,30.0,1.2,54.1,轻度污染,12,4,冬季
2024-12-18,深圳,华南,22.5,114.1,181.8,65.1,105.1,13.0,32.6,1.3,84.1,中度污染,12,4,冬季
2024-12-19,深圳,华南,22.5,114.1,169.5,66.7,86.8,13.3,33.3,1.33,69.5,中度污染,12,4,冬季
2024-12-20,深圳,华南,22.5,114.1,175.0,63.6,99.4,12.7,31.8,1.27,79.6,中度污染,12,4,冬季
2024-12-21,深圳,华南,22.5,114.1,198.0,65.2,125.3,13.0,32.6,1.3,100.2,中度污染,12,4,冬季
2024-12-22,深圳,华南,22.5,114.1,135.1,53.9,67.7,10.8,27.0,1.08,54.2,轻度污染,12,4,冬季
2024-12-23,深圳,华南,22.5,114.1,161.4,63.6,82.4,12.7,31.8,1.27,65.9,中度污染,12,4,冬季
2024-12-24,深圳,华南,22.5,114.1,173.4,64.0,96.8,12.8,32.0,1.28,77.4,中度污染,12,4,冬季
2024-12-25,深圳,华南,22.5,114.1,182.7,71.3,94.7,14.3,35.6,1.43,75.8,中度污染,12,4,冬季
2024-12-26,深圳,华南,22.5,114.1,186.0,69.6,101.9,13.9,34.8,1.39,81.5,中度污染,12,4,冬季
2024-12-27,深圳,华南,22.5,114.1,175.0,64.1,98.5,12.8,32.0,1.28,78.8,中度污染,12,4,冬季
2024-12-28,深圳,华南,22.5,114.1,206.3,75.5,116.3,15.1,37.8,1.51,93.0,重度污染,12,4,冬季
2024-12-29,深圳,华南,22.5,114.1,129.8,49.8,68.8,10.0,24.9,1.0,55.0,轻度污染,12,4,冬季
2024-12-30,深圳,华南,22.5,114.1,179.2,67.3,97.9,13.5,33.6,1.35,78.3,中度污染,12,4,冬季
2024-12-31,深圳,华南,22.5,114.1,157.8,61.6,81.8,12.3,30.8,1.23,65.5,中度污染,12,4,冬季
2024-01-01,西安,西北,34.3,108.9,197.2,70.6,114.1,14.1,35.3,1.41,91.3,中度污染,1,1,冬季
2024-01-02,西安,西北,34.3,108.9,206.6,67.6,131.5,13.5,33.8,1.35,105.2,重度污染,1,1,冬季
2024-01-03,西安,西北,34.3,108.9,201.5,74.2,112.8,14.8,37.1,1.48,90.2,重度污染,1,1,冬季
2024-01-04,西安,西北,34.3,108.9,189.3,72.6,100.5,14.5,36.3,1.45,80.4,中度污染,1,1,冬季
2024-01-05,西安,西北,34.3,108.9,142.4,52.2,80.2,10.4,26.1,1.04,64.2,轻度污染,1,1,冬季
2024-01-06,西安,西北,34.3,108.9,167.2,55.6,104.7,11.1,27.8,1.11,83.7,中度污染,1,1,冬季
2024-01-07,西安,西北,34.3,108.9,210.7,74.5,123.7,14.9,37.2,1.49,99.0,重度污染,1,1,冬季
2024-01-08,西安,西北,34.3,108.9,166.2,62.3,91.0,12.5,31.1,1.25,72.8,中度污染,1,1,冬季
2024-01-09,西安,西北,34.3,108.9,144.3,47.9,90.5,9.6,24.0,0.96,72.4,轻度污染,1,1,冬季
2024-01-10,西安,西北,34.3,108.9,208.2,76.5,116.7,15.3,38.3,1.53,93.4,重度污染,1,1,冬季
2024-01-11,西安,西北,34.3,108.9,191.3,74.0,100.3,14.8,37.0,1.48,80.3,中度污染,1,1,冬季
2024-01-12,西安,西北,34.3,108.9,138.7,55.9,68.5,11.2,27.9,1.12,54.8,轻度污染,1,1,冬季
2024-01-13,西安,西北,34.3,108.9,142.1,55.8,73.0,11.2,27.9,1.12,58.4,轻度污染,1,1,冬季
2024-01-14,西安,西北,34.3,108.9,200.8,74.2,111.8,14.8,37.1,1.48,89.4,重度污染,1,1,冬季
2024-01-15,西安,西北,34.3,108.9,191.0,72.0,103.8,14.4,36.0,1.44,83.0,中度污染,1,1,冬季
2024-01-16,西安,西北,34.3,108.9,161.0,47.8,111.7,9.6,23.9,0.96,89.4,中度污染,1,1,冬季
2024-01-17,西安,西北,34.3,108.9,197.2,77.0,102.2,15.4,38.5,1.54,81.8,中度污染,1,1,冬季
2024-01-18,西安,西北,34.3,108.9,184.1,70.7,97.6,14.1,35.3,1.41,78.1,中度污染,1,1,冬季
2024-01-19,西安,西北,34.3,108.9,177.5,65.5,99.0,13.1,32.8,1.31,79.2,中度污染,1,1,冬季
2024-01-20,西安,西北,34.3,108.9,189.3,69.6,106.1,13.9,34.8,1.39,84.9,中度污染,1,1,冬季
2024-01-21,西安,西北,34.3,108.9,246.9,85.1,149.0,17.0,42.5,1.7,119.2,重度污染,1,1,冬季
2024-01-22,西安,西北,34.3,108.9,113.2,47.9,51.7,9.6,24.0,0.96,41.3,轻度污染,1,1,冬季
2024-01-23,西安,西北,34.3,108.9,210.8,73.9,125.0,14.8,36.9,1.48,100.0,重度污染,1,1,冬季
2024-01-24,西安,西北,34.3,108.9,201.7,80.5,101.2,16.1,40.2,1.61,81.0,重度污染,1,1,冬季
2024-01-25,西安,西北,34.3,108.9,183.9,65.8,106.5,13.2,32.9,1.32,85.2,中度污染,1,1,冬季
2024-01-26,西安,西北,34.3,108.9,134.2,57.6,59.8,11.5,28.8,1.15,47.8,轻度污染,1,1,冬季
2024-01-27,西安,西北,34.3,108.9,167.4,69.4,79.1,13.9,34.7,1.39,63.3,中度污染,1,1,冬季
2024-01-28,西安,西北,34.3,108.9,191.9,70.6,107.5,14.1,35.3,1.41,86.0,中度污染,1,1,冬季
2024-01-29,西安,西北,34.3,108.9,156.7,61.3,80.9,12.3,30.7,1.23,64.7,中度污染,1,1,冬季
2024-01-30,西安,西北,34.3,108.9,170.4,70.4,81.0,14.1,35.2,1.41,64.8,中度污染,1,1,冬季
2024-01-31,西安,西北,34.3,108.9,188.5,63.1,117.3,12.6,31.5,1.26,93.9,中度污染,1,1,冬季
2024-02-01,西安,西北,34.3,108.9,177.8,60.3,109.3,12.1,30.1,1.21,87.4,中度污染,2,1,冬季
2024-02-02,西安,西北,34.3,108.9,119.0,39.1,75.5,7.8,19.5,0.78,60.4,轻度污染,2,1,冬季
2024-02-03,西安,西北,34.3,108.9,162.5,51.4,106.7,10.3,25.7,1.03,85.4,中度污染,2,1,冬季
2024-02-04,西安,西北,34.3,108.9,205.2,74.1,117.6,14.8,37.0,1.48,94.1,重度污染,2,1,冬季
2024-02-05,西安,西北,34.3,108.9,163.6,58.3,95.2,11.7,29.1,1.17,76.1,中度污染,2,1,冬季
2024-02-06,西安,西北,34.3,108.9,143.1,60.4,65.6,12.1,30.2,1.21,52.5,轻度污染,2,1,冬季
2024-02-07,西安,西北,34.3,108.9,203.5,67.8,127.3,13.6,33.9,1.36,101.8,重度污染,2,1,冬季
2024-02-08,西安,西北,34.3,108.9,187.5,59.3,123.2,11.9,29.7,1.19,98.6,中度污染,2,1,冬季
2024-02-09,西安,西北,34.3,108.9,154.8,62.0,77.2,12.4,31.0,1.24,61.8,中度污染,2,1,冬季
2024-02-10,西安,西北,34.3,108.9,191.3,70.5,106.9,14.1,35.3,1.41,85.5,中度污染,2,1,冬季
2024-02-11,西安,西北,34.3,108.9,174.0,66.3,93.2,13.3,33.1,1.33,74.6,中度污染,2,1,冬季
2024-02-12,西安,西北,34.3,108.9,191.3,71.1,105.8,14.2,35.6,1.42,84.6,中度污染,2,1,冬季
2024-02-13,西安,西北,34.3,108.9,188.4,65.1,113.5,13.0,32.5,1.3,90.8,中度污染,2,1,冬季
2024-02-14,西安,西北,34.3,108.9,118.9,52.9,49.5,10.6,26.4,1.06,39.6,轻度污染,2,1,冬季
2024-02-15,西安,西北,34.3,108.9,172.6,66.3,91.5,13.3,33.1,1.33,73.2,中度污染,2,1,冬季
2024-02-16,西安,西北,34.3,108.9,134.4,57.0,61.1,11.4,28.5,1.14,48.9,轻度污染,2,1,冬季
2024-02-17,西安,西北,34.3,108.9,189.2,69.0,107.2,13.8,34.5,1.38,85.7,中度污染,2,1,冬季
2024-02-18,西安,西北,34.3,108.9,148.4,56.9,78.8,11.4,28.4,1.14,63.0,轻度污染,2,1,冬季
2024-02-19,西安,西北,34.3,108.9,206.0,73.6,119.6,14.7,36.8,1.47,95.7,重度污染,2,1,冬季
2024-02-20,西安,西北,34.3,108.9,154.0,56.4,86.7,11.3,28.2,1.13,69.4,中度污染,2,1,冬季
2024-02-21,西安,西北,34.3,108.9,160.9,58.2,92.0,11.6,29.1,1.16,73.6,中度污染,2,1,冬季
2024-02-22,西安,西北,34.3,108.9,216.5,81.7,117.4,16.3,40.8,1.63,93.9,重度污染,2,1,冬季
2024-02-23,西安,西北,34.3,108.9,143.2,56.9,72.2,11.4,28.5,1.14,57.8,轻度污染,2,1,冬季
2024-02-24,西安,西北,34.3,108.9,218.8,79.4,124.6,15.9,39.7,1.59,99.7,重度污染,2,1,冬季
2024-02-25,西安,西北,34.3,108.9,127.5,45.1,74.8,9.0,22.5,0.9,59.8,轻度污染,2,1,冬季
2024-02-26,西安,西北,34.3,108.9,171.4,66.5,89.6,13.3,33.2,1.33,71.7,中度污染,2,1,冬季
2024-02-27,西安,西北,34.3,108.9,173.7,65.9,93.6,13.2,32.9,1.32,74.9,中度污染,2,1,冬季
2024-02-28,西安,西北,34.3,108.9,167.6,64.8,88.0,13.0,32.4,1.3,70.4,中度污染,2,1,冬季
2024-02-29,西安,西北,34.3,108.9,117.8,44.6,63.6,8.9,22.3,0.89,50.9,轻度污染,2,1,冬季
2024-03-01,西安,西北,34.3,108.9,153.6,55.8,87.3,11.2,27.9,1.12,69.9,中度污染,3,1,春季
2024-03-02,西安,西北,34.3,108.9,154.7,57.0,86.6,11.4,28.5,1.14,69.3,中度污染,3,1,春季
2024-03-03,西安,西北,34.3,108.9,141.6,54.2,75.4,10.8,27.1,1.08,60.3,轻度污染,3,1,春季
2024-03-04,西安,西北,34.3,108.9,146.2,52.9,83.6,10.6,26.4,1.06,66.9,轻度污染,3,1,春季
2024-03-05,西安,西北,34.3,108.9,126.0,50.1,63.5,10.0,25.1,1.0,50.8,轻度污染,3,1,春季
2024-03-06,西安,西北,34.3,108.9,121.9,52.5,53.9,10.5,26.2,1.05,43.1,轻度污染,3,1,春季
2024-03-07,西安,西北,34.3,108.9,115.2,44.1,61.2,8.8,22.1,0.88,49.0,轻度污染,3,1,春季
2024-03-08,西安,西北,34.3,108.9,92.0,40.8,38.6,8.2,20.4,0.82,30.9,良,3,1,春季
2024-03-09,西安,西北,34.3,108.9,175.8,59.0,109.1,11.8,29.5,1.18,87.3,中度污染,3,1,春季
2024-03-10,西安,西北,34.3,108.9,126.1,48.0,67.7,9.6,24.0,0.96,54.2,轻度污染,3,1,春季
2024-03-11,西安,西北,34.3,108.9,91.2,36.0,46.5,7.2,18.0,0.72,37.2,良,3,1,春季
2024-03-12,西安,西北,34.3,108.9,139.3,53.1,74.6,10.6,26.5,1.06,59.7,轻度污染,3,1,春季
2024-03-13,西安,西北,34.3,108.9,154.2,56.3,87.1,11.3,28.2,1.13,69.7,中度污染,3,1,春季
2024-03-14,西安,西北,34.3,108.9,60.0,29.6,19.5,5.9,14.8,0.59,15.6,良,3,1,春季
2024-03-15,西安,西北,34.3,108.9,173.0,57.6,108.2,11.5,28.8,1.15,86.6,中度污染,3,1,春季
2024-03-16,西安,西北,34.3,108.9,154.3,47.1,104.5,9.4,23.5,0.94,83.6,中度污染,3,1,春季
2024-03-17,西安,西北,34.3,108.9,172.7,65.2,93.5,13.0,32.6,1.3,74.8,中度污染,3,1,春季
2024-03-18,西安,西北,34.3,108.9,109.2,40.4,60.9,8.1,20.2,0.81,48.7,轻度污染,3,1,春季
2024-03-19,西安,西北,34.3,108.9,141.7,50.1,83.3,10.0,25.0,1.0,66.6,轻度污染,3,1,春季
2024-03-20,西安,西北,34.3,108.9,134.5,55.6,63.8,11.1,27.8,1.11,51.1,轻度污染,3,1,春季
2024-03-21,西安,西北,34.3,108.9,133.6,51.4,70.7,10.3,25.7,1.03,56.5,轻度污染,3,1,春季
2024-03-22,西安,西北,34.3,108.9,140.1,52.8,76.1,10.6,26.4,1.06,60.9,轻度污染,3,1,春季
2024-03-23,西安,西北,34.3,108.9,111.7,45.2,54.9,9.0,22.6,0.9,43.9,轻度污染,3,1,春季
2024-03-24,西安,西北,34.3,108.9,72.3,27.1,39.5,5.4,13.5,0.54,31.6,良,3,1,春季
2024-03-25,西安,西北,34.3,108.9,179.5,63.1,106.0,12.6,31.6,1.26,84.8,中度污染,3,1,春季
2024-03-26,西安,西北,34.3,108.9,99.5,40.2,48.9,8.0,20.1,0.8,39.1,良,3,1,春季
2024-03-27,西安,西北,34.3,108.9,183.2,66.9,103.4,13.4,33.5,1.34,82.7,中度污染,3,1,春季
2024-03-28,西安,西北,34.3,108.9,134.5,49.2,75.9,9.8,24.6,0.98,60.7,轻度污染,3,1,春季
2024-03-29,西安,西北,34.3,108.9,153.4,54.2,90.0,10.8,27.1,1.08,72.0,中度污染,3,1,春季
2024-03-30,西安,西北,34.3,108.9,128.8,45.7,75.4,9.1,22.8,0.91,60.3,轻度污染,3,1,春季
2024-03-31,西安,西北,34.3,108.9,172.5,52.9,116.5,10.6,26.4,1.06,93.2,中度污染,3,1,春季
2024-04-01,西安,西北,34.3,108.9,83.9,33.5,42.0,6.7,16.8,0.67,33.6,良,4,2,春季
2024-04-02,西安,西北,34.3,108.9,99.5,40.1,49.2,8.0,20.1,0.8,39.4,良,4,2,春季
2024-04-03,西安,西北,34.3,108.9,111.1,34.9,73.5,7.0,17.5,0.7,58.8,轻度污染,4,2,春季
2024-04-04,西安,西北,34.3,108.9,134.0,48.1,77.4,9.6,24.0,0.96,61.9,轻度污染,4,2,春季
2024-04-05,西安,西北,34.3,108.9,131.2,53.1,64.5,10.6,26.5,1.06,51.6,轻度污染,4,2,春季
2024-04-06,西安,西北,34.3,108.9,109.5,39.5,62.8,7.9,19.8,0.79,50.2,轻度污染,4,2,春季
2024-04-07,西安,西北,34.3,108.9,112.5,42.7,60.5,8.5,21.4,0.85,48.4,轻度污染,4,2,春季
2024-04-08,西安,西北,34.3,108.9,148.2,59.8,73.1,12.0,29.9,1.2,58.5,轻度污染,4,2,春季
2024-04-09,西安,西北,34.3,108.9,122.0,44.3,69.4,8.9,22.2,0.89,55.5,轻度污染,4,2,春季
2024-04-10,西安,西北,34.3,108.9,143.5,55.5,75.3,11.1,27.8,1.11,60.2,轻度污染,4,2,春季
2024-04-11,西安,西北,34.3,108.9,32.6,16.4,10.0,3.3,8.2,0.33,8.0,优,4,2,春季
2024-04-12,西安,西北,34.3,108.9,115.9,46.8,57.2,9.4,23.4,0.94,45.8,轻度污染,4,2,春季
2024-04-13,西安,西北,34.3,108.9,53.4,21.0,27.4,4.2,10.5,0.42,21.9,良,4,2,春季
2024-04-14,西安,西北,34.3,108.9,113.1,40.1,66.2,8.0,20.0,0.8,53.0,轻度污染,4,2,春季
2024-04-15,西安,西北,34.3,108.9,123.5,44.3,71.3,8.9,22.2,0.89,57.0,轻度污染,4,2,春季
2024-04-16,西安,西北,34.3,108.9,115.1,44.6,60.3,8.9,22.3,0.89,48.2,轻度污染,4,2,春季
2024-04-17,西安,西北,34.3,108.9,125.9,42.6,77.5,8.5,21.3,0.85,62.0,轻度污染,4,2,春季
2024-04-18,西安,西北,34.3,108.9,52.7,21.4,25.9,4.3,10.7,0.43,20.7,良,4,2,春季
2024-04-19,西安,西北,34.3,108.9,166.5,59.3,97.0,11.9,29.6,1.19,77.6,中度污染,4,2,春季
2024-04-20,西安,西北,34.3,108.9,174.8,66.2,94.4,13.2,33.1,1.32,75.5,中度污染,4,2,春季
2024-04-21,西安,西北,34.3,108.9,128.8,44.0,78.6,8.8,22.0,0.88,62.9,轻度污染,4,2,春季
2024-04-22,西安,西北,34.3,108.9,176.7,65.9,97.4,13.2,32.9,1.32,77.9,中度污染,4,2,春季
2024-04-23,西安,西北,34.3,108.9,122.9,44.2,70.7,8.8,22.1,0.88,56.6,轻度污染,4,2,春季
2024-04-24,西安,西北,34.3,108.9,186.7,62.1,117.0,12.4,31.1,1.24,93.6,中度污染,4,2,春季
2024-04-25,西安,西北,34.3,108.9,169.8,65.5,89.5,13.1,32.7,1.31,71.6,中度污染,4,2,春季
2024-04-26,西安,西北,34.3,108.9,105.4,51.7,34.7,10.3,25.9,1.03,27.8,轻度污染,4,2,春季
2024-04-27,西安,西北,34.3,108.9,152.0,49.9,96.4,10.0,25.0,1.0,77.1,中度污染,4,2,春季
2024-04-28,西安,西北,34.3,108.9,155.7,56.6,88.4,11.3,28.3,1.13,70.7,中度污染,4,2,春季
2024-04-29,西安,西北,34.3,108.9,57.8,20.4,33.9,4.1,10.2,0.41,27.1,良,4,2,春季
2024-04-30,西安,西北,34.3,108.9,152.7,54.5,88.7,10.9,27.2,1.09,70.9,中度污染,4,2,春季
2024-05-01,西安,西北,34.3,108.9,113.5,40.9,65.1,8.2,20.5,0.82,52.1,轻度污染,5,2,春季
2024-05-02,西安,西北,34.3,108.9,91.3,34.6,49.4,6.9,17.3,0.69,39.5,良,5,2,春季
2024-05-03,西安,西北,34.3,108.9,72.3,22.9,47.5,4.6,11.5,0.46,38.0,良,5,2,春季
2024-05-04,西安,西北,34.3,108.9,209.2,74.8,121.3,15.0,37.4,1.5,97.1,重度污染,5,2,春季
2024-05-05,西安,西北,34.3,108.9,135.4,48.5,78.4,9.7,24.2,0.97,62.7,轻度污染,5,2,春季
2024-05-06,西安,西北,34.3,108.9,111.5,47.4,50.4,9.5,23.7,0.95,40.4,轻度污染,5,2,春季
2024-05-07,西安,西北,34.3,108.9,181.1,64.2,105.9,12.8,32.1,1.28,84.7,中度污染,5,2,春季
2024-05-08,西安,西北,34.3,108.9,140.5,49.6,82.6,9.9,24.8,0.99,66.1,轻度污染,5,2,春季
2024-05-09,西安,西北,34.3,108.9,86.8,34.6,43.6,6.9,17.3,0.69,34.9,良,5,2,春季
2024-05-10,西安,西北,34.3,108.9,181.9,67.1,101.6,13.4,33.5,1.34,81.2,中度污染,5,2,春季
2024-05-11,西安,西北,34.3,108.9,139.1,45.1,89.3,9.0,22.5,0.9,71.4,轻度污染,5,2,春季
2024-05-12,西安,西北,34.3,108.9,133.1,54.5,64.2,10.9,27.2,1.09,51.4,轻度污染,5,2,春季
2024-05-13,西安,西北,34.3,108.9,130.7,51.5,66.8,10.3,25.8,1.03,53.4,轻度污染,5,2,春季
2024-05-14,西安,西北,34.3,108.9,146.1,48.7,91.3,9.7,24.3,0.97,73.1,轻度污染,5,2,春季
2024-05-15,西安,西北,34.3,108.9,158.8,61.3,83.6,12.3,30.6,1.23,66.8,中度污染,5,2,春季
2024-05-16,西安,西北,34.3,108.9,137.3,45.6,86.2,9.1,22.8,0.91,68.9,轻度污染,5,2,春季
2024-05-17,西安,西北,34.3,108.9,129.7,45.5,76.8,9.1,22.8,0.91,61.4,轻度污染,5,2,春季
2024-05-18,西安,西北,34.3,108.9,133.4,50.1,72.9,10.0,25.0,1.0,58.3,轻度污染,5,2,春季
2024-05-19,西安,西北,34.3,108.9,166.6,62.6,90.8,12.5,31.3,1.25,72.6,中度污染,5,2,春季
2024-05-20,西安,西北,34.3,108.9,116.0,37.2,75.2,7.4,18.6,0.74,60.1,轻度污染,5,2,春季
2024-05-21,西安,西北,34.3,108.9,107.9,32.7,73.5,6.5,16.4,0.65,58.8,轻度污染,5,2,春季
2024-05-22,西安,西北,34.3,108.9,152.9,53.4,91.0,10.7,26.7,1.07,72.8,中度污染,5,2,春季
2024-05-23,西安,西北,34.3,108.9,136.2,53.9,69.2,10.8,27.0,1.08,55.3,轻度污染,5,2,春季
2024-05-24,西安,西北,34.3,108.9,75.9,34.0,31.2,6.8,17.0,0.68,25.0,良,5,2,春季
2024-05-25,西安,西北,34.3,108.9,67.1,28.2,30.9,5.6,14.1,0.56,24.7,良,5,2,春季
2024-05-26,西安,西北,34.3,108.9,177.4,59.1,111.0,11.8,29.5,1.18,88.8,中度污染,5,2,春季
2024-05-27,西安,西北,34.3,108.9,151.9,52.9,90.6,10.6,26.5,1.06,72.5,中度污染,5,2,春季
2024-05-28,西安,西北,34.3,108.9,133.7,46.4,80.1,9.3,23.2,0.93,64.1,轻度污染,5,2,春季
2024-05-29,西安,西北,34.3,108.9,55.6,18.6,34.7,3.7,9.3,0.37,27.8,良,5,2,春季
2024-05-30,西安,西北,34.3,108.9,101.6,39.2,53.4,7.8,19.6,0.78,42.7,轻度污染,5,2,春季
2024-05-31,西安,西北,34.3,108.9,123.0,45.2,69.1,9.0,22.6,0.9,55.3,轻度污染,5,2,春季
2024-06-01,西安,西北,34.3,108.9,39.1,20.7,10.0,4.1,10.4,0.41,8.0,优,6,2,夏季
2024-06-02,西安,西北,34.3,108.9,100.5,28.0,73.2,5.6,14.0,0.56,58.6,轻度污染,6,2,夏季
2024-06-03,西安,西北,34.3,108.9,66.6,29.8,27.4,6.0,14.9,0.6,21.9,良,6,2,夏季
2024-06-04,西安,西北,34.3,108.9,75.9,30.6,37.4,6.1,15.3,0.61,29.9,良,6,2,夏季
2024-06-05,西安,西北,34.3,108.9,57.6,33.1,10.0,6.6,16.5,0.66,8.0,良,6,2,夏季
2024-06-06,西安,西北,34.3,108.9,127.3,39.6,85.0,7.9,19.8,0.79,68.0,轻度污染,6,2,夏季
2024-06-07,西安,西北,34.3,108.9,71.8,29.4,34.6,5.9,14.7,0.59,27.7,良,6,2,夏季
2024-06-08,西安,西北,34.3,108.9,97.7,39.3,48.5,7.9,19.6,0.79,38.8,良,6,2,夏季
2024-06-09,西安,西北,34.3,108.9,49.0,16.7,29.9,3.3,8.4,0.33,23.9,优,6,2,夏季
2024-06-10,西安,西北,34.3,108.9,97.6,45.7,36.3,9.1,22.9,0.91,29.1,良,6,2,夏季
2024-06-11,西安,西北,34.3,108.9,74.1,28.5,39.3,5.7,14.2,0.57,31.5,良,6,2,夏季
2024-06-12,西安,西北,34.3,108.9,97.2,42.2,42.5,8.4,21.1,0.84,34.0,良,6,2,夏季
2024-06-13,西安,西北,34.3,108.9,76.0,28.2,42.2,5.6,14.1,0.56,33.7,良,6,2,夏季
2024-06-14,西安,西北,34.3,108.9,140.6,49.7,82.5,9.9,24.9,0.99,66.0,轻度污染,6,2,夏季
2024-06-15,西安,西北,34.3,108.9,88.6,37.7,40.2,7.5,18.8,0.75,32.1,良,6,2,夏季
2024-06-16,西安,西北,34.3,108.9,74.0,26.4,42.9,5.3,13.2,0.53,34.3,良,6,2,夏季
2024-06-17,西安,西北,34.3,108.9,94.3,35.4,51.6,7.1,17.7,0.71,41.3,良,6,2,夏季
2024-06-18,西安,西北,34.3,108.9,71.6,25.7,41.3,5.1,12.8,0.51,33.1,良,6,2,夏季
2024-06-19,西安,西北,34.3,108.9,118.4,44.5,64.6,8.9,22.2,0.89,51.7,轻度污染,6,2,夏季
2024-06-20,西安,西北,34.3,108.9,43.6,21.4,14.5,4.3,10.7,0.43,11.6,优,6,2,夏季
2024-06-21,西安,西北,34.3,108.9,94.4,28.2,65.1,5.6,14.1,0.56,52.1,良,6,2,夏季
2024-06-22,西安,西北,34.3,108.9,131.3,43.6,82.5,8.7,21.8,0.87,66.0,轻度污染,6,2,夏季
2024-06-23,西安,西北,34.3,108.9,148.6,48.6,94.7,9.7,24.3,0.97,75.7,轻度污染,6,2,夏季
2024-06-24,西安,西北,34.3,108.9,89.2,34.4,46.9,6.9,17.2,0.69,37.5,良,6,2,夏季
2024-06-25,西安,西北,34.3,108.9,91.1,28.4,60.6,5.7,14.2,0.57,48.5,良,6,2,夏季
2024-06-26,西安,西北,34.3,108.9,59.7,20.6,36.1,4.1,10.3,0.41,28.9,良,6,2,夏季
2024-06-27,西安,西北,34.3,108.9,77.4,24.9,50.0,5.0,12.5,0.5,40.0,良,6,2,夏季
2024-06-28,西安,西北,34.3,108.9,83.4,37.1,34.6,7.4,18.6,0.74,27.7,良,6,2,夏季
2024-06-29,西安,西北,34.3,108.9,156.8,54.1,94.5,10.8,27.1,1.08,75.6,中度污染,6,2,夏季
2024-06-30,西安,西北,34.3,108.9,31.1,12.5,15.4,2.5,6.3,0.25,12.3,优,6,2,夏季
2024-07-01,西安,西北,34.3,108.9,52.0,26.1,16.0,5.2,13.1,0.52,12.8,良,7,3,夏季
2024-07-02,西安,西北,34.3,108.9,71.5,20.0,52.0,4.0,10.0,0.4,41.6,良,7,3,夏季
2024-07-03,西安,西北,34.3,108.9,89.4,32.9,50.0,6.6,16.5,0.66,40.0,良,7,3,夏季
2024-07-04,西安,西北,34.3,108.9,85.9,38.2,35.8,7.6,19.1,0.76,28.7,良,7,3,夏季
2024-07-05,西安,西北,34.3,108.9,41.7,22.3,10.3,4.5,11.1,0.45,8.3,优,7,3,夏季
2024-07-06,西安,西北,34.3,108.9,99.4,40.9,47.6,8.2,20.4,0.82,38.1,良,7,3,夏季
2024-07-07,西安,西北,34.3,108.9,72.1,23.8,45.5,4.8,11.9,0.48,36.4,良,7,3,夏季
2024-07-08,西安,西北,34.3,108.9,114.2,39.0,69.7,7.8,19.5,0.78,55.7,轻度污染,7,3,夏季
2024-07-09,西安,西北,34.3,108.9,37.0,19.4,10.0,3.9,9.7,0.39,8.0,优,7,3,夏季
2024-07-10,西安,西北,34.3,108.9,45.0,14.0,29.9,2.8,7.0,0.28,23.9,优,7,3,夏季
2024-07-11,西安,西北,34.3,108.9,36.6,12.4,22.4,2.5,6.2,0.25,17.9,优,7,3,夏季
2024-07-12,西安,西北,34.3,108.9,55.9,21.4,29.7,4.3,10.7,0.43,23.7,良,7,3,夏季
2024-07-13,西安,西北,34.3,108.9,58.6,15.8,43.5,3.2,7.9,0.32,34.8,良,7,3,夏季
2024-07-14,西安,西北,34.3,108.9,49.6,20.5,23.6,4.1,10.2,0.41,18.9,优,7,3,夏季
2024-07-15,西安,西北,34.3,108.9,72.5,26.5,41.0,5.3,13.2,0.53,32.8,良,7,3,夏季
2024-07-16,西安,西北,34.3,108.9,90.3,25.0,66.1,5.0,12.5,0.5,52.9,良,7,3,夏季
2024-07-17,西安,西北,34.3,108.9,65.7,31.0,24.1,6.2,15.5,0.62,19.2,良,7,3,夏季
2024-07-18,西安,西北,34.3,108.9,139.1,48.0,83.9,9.6,24.0,0.96,67.1,轻度污染,7,3,夏季
2024-07-19,西安,西北,34.3,108.9,39.2,10.9,28.5,2.2,5.5,0.22,22.8,优,7,3,夏季
2024-07-20,西安,西北,34.3,108.9,131.1,40.4,88.1,8.1,20.2,0.81,70.4,轻度污染,7,3,夏季
2024-07-21,西安,西北,34.3,108.9,48.5,16.4,29.9,3.3,8.2,0.33,24.0,优,7,3,夏季
2024-07-22,西安,西北,34.3,108.9,131.2,44.8,80.0,9.0,22.4,0.9,64.0,轻度污染,7,3,夏季
2024-07-23,西安,西北,34.3,108.9,114.3,40.2,67.4,8.0,20.1,0.8,53.9,轻度污染,7,3,夏季
2024-07-24,西安,西北,34.3,108.9,52.4,24.2,20.1,4.8,12.1,0.48,16.1,良,7,3,夏季
2024-07-25,西安,西北,34.3,108.9,73.8,31.3,33.6,6.3,15.6,0.63,26.9,良,7,3,夏季
2024-07-26,西安,西北,34.3,108.9,87.5,34.9,44.0,7.0,17.4,0.7,35.2,良,7,3,夏季
2024-07-27,西安,西北,34.3,108.9,96.3,39.3,46.7,7.9,19.6,0.79,37.4,良,7,3,夏季
2024-07-28,西安,西北,34.3,108.9,112.3,43.7,58.4,8.7,21.8,0.87,46.8,轻度污染,7,3,夏季
2024-07-29,西安,西北,34.3,108.9,69.7,20.4,48.8,4.1,10.2,0.41,39.1,良,7,3,夏季
2024-07-30,西安,西北,34.3,108.9,28.1,13.4,10.1,2.7,6.7,0.27,8.1,优,7,3,夏季
2024-07-31,西安,西北,34.3,108.9,55.8,31.9,10.0,6.4,15.9,0.64,8.0,良,7,3,夏季
2024-08-01,西安,西北,34.3,108.9,144.4,48.9,88.8,9.8,24.4,0.98,71.1,轻度污染,8,3,夏季
2024-08-02,西安,西北,34.3,108.9,106.6,33.1,71.2,6.6,16.6,0.66,56.9,轻度污染,8,3,夏季
2024-08-03,西安,西北,34.3,108.9,49.1,27.4,10.0,5.5,13.7,0.55,8.0,优,8,3,夏季
2024-08-04,西安,西北,34.3,108.9,112.3,44.5,57.0,8.9,22.2,0.89,45.6,轻度污染,8,3,夏季
2024-08-05,西安,西北,34.3,108.9,77.8,30.5,40.1,6.1,15.2,0.61,32.1,良,8,3,夏季
2024-08-06,西安,西北,34.3,108.9,96.2,33.6,57.2,6.7,16.8,0.67,45.8,良,8,3,夏季
2024-08-07,西安,西北,34.3,108.9,22.0,9.3,10.0,1.9,4.7,0.19,8.0,优,8,3,夏季
2024-08-08,西安,西北,34.3,108.9,98.8,29.1,69.0,5.8,14.5,0.58,55.2,良,8,3,夏季
2024-08-09,西安,西北,34.3,108.9,82.7,35.7,36.4,7.1,17.9,0.71,29.1,良,8,3,夏季
2024-08-10,西安,西北,34.3,108.9,104.5,39.6,56.4,7.9,19.8,0.79,45.1,轻度污染,8,3,夏季
2024-08-11,西安,西北,34.3,108.9,71.8,28.8,35.7,5.8,14.4,0.58,28.6,良,8,3,夏季
2024-08-12,西安,西北,34.3,108.9,73.7,33.0,30.3,6.6,16.5,0.66,24.2,良,8,3,夏季
2024-08-13,西安,西北,34.3,108.9,91.5,35.7,47.5,7.1,17.8,0.71,38.0,良,8,3,夏季
2024-08-14,西安,西北,34.3,108.9,55.0,20.9,29.6,4.2,10.5,0.42,23.6,良,8,3,夏季
2024-08-15,西安,西北,34.3,108.9,50.8,16.3,32.9,3.3,8.2,0.33,26.3,良,8,3,夏季
2024-08-16,西安,西北,34.3,108.9,62.8,26.0,29.7,5.2,13.0,0.52,23.8,良,8,3,夏季
2024-08-17,西安,西北,34.3,108.9,92.3,39.9,40.5,8.0,20.0,0.8,32.4,良,8,3,夏季
2024-08-18,西安,西北,34.3,108.9,117.3,56.7,40.5,11.3,28.3,1.13,32.4,轻度污染,8,3,夏季
2024-08-19,西安,西北,34.3,108.9,149.0,52.6,87.5,10.5,26.3,1.05,70.0,轻度污染,8,3,夏季
2024-08-20,西安,西北,34.3,108.9,111.7,45.0,55.3,9.0,22.5,0.9,44.2,轻度污染,8,3,夏季
2024-08-21,西安,西北,34.3,108.9,88.4,25.7,62.4,5.1,12.8,0.51,49.9,良,8,3,夏季
2024-08-22,西安,西北,34.3,108.9,80.8,29.9,44.8,6.0,15.0,0.6,35.9,良,8,3,夏季
2024-08-23,西安,西北,34.3,108.9,119.7,45.7,63.9,9.1,22.9,0.91,51.1,轻度污染,8,3,夏季
2024-08-24,西安,西北,34.3,108.9,92.4,30.8,57.7,6.2,15.4,0.62,46.2,良,8,3,夏季
2024-08-25,西安,西北,34.3,108.9,47.6,22.5,17.3,4.5,11.2,0.45,13.8,优,8,3,夏季
2024-08-26,西安,西北,34.3,108.9,75.2,21.2,54.3,4.2,10.6,0.42,43.5,良,8,3,夏季
2024-08-27,西安,西北,34.3,108.9,76.3,32.3,34.8,6.5,16.1,0.65,27.9,良,8,3,夏季
2024-08-28,西安,西北,34.3,108.9,125.7,45.1,72.5,9.0,22.6,0.9,58.0,轻度污染,8,3,夏季
2024-08-29,西安,西北,34.3,108.9,77.4,31.1,38.4,6.2,15.6,0.62,30.7,良,8,3,夏季
2024-08-30,西安,西北,34.3,108.9,102.1,41.5,49.8,8.3,20.7,0.83,39.9,轻度污染,8,3,夏季
2024-08-31,西安,西北,34.3,108.9,99.2,39.8,49.3,8.0,19.9,0.8,39.5,良,8,3,夏季
2024-09-01,西安,西北,34.3,108.9,173.6,60.2,104.2,12.0,30.1,1.2,83.3,中度污染,9,3,秋季
2024-09-02,西安,西北,34.3,108.9,122.8,43.0,72.9,8.6,21.5,0.86,58.3,轻度污染,9,3,秋季
2024-09-03,西安,西北,34.3,108.9,185.7,77.7,86.4,15.5,38.9,1.55,69.1,中度污染,9,3,秋季
2024-09-04,西安,西北,34.3,108.9,129.1,43.3,80.3,8.7,21.6,0.87,64.2,轻度污染,9,3,秋季
2024-09-05,西安,西北,34.3,108.9,109.1,47.3,47.7,9.5,23.6,0.95,38.1,轻度污染,9,3,秋季
2024-09-06,西安,西北,34.3,108.9,129.5,51.3,65.6,10.3,25.7,1.03,52.5,轻度污染,9,3,秋季
2024-09-07,西安,西北,34.3,108.9,186.0,69.0,103.1,13.8,34.5,1.38,82.4,中度污染,9,3,秋季
2024-09-08,西安,西北,34.3,108.9,122.0,41.0,75.6,8.2,20.5,0.82,60.5,轻度污染,9,3,秋季
2024-09-09,西安,西北,34.3,108.9,136.1,47.6,80.9,9.5,23.8,0.95,64.7,轻度污染,9,3,秋季
2024-09-10,西安,西北,34.3,108.9,144.0,57.6,72.0,11.5,28.8,1.15,57.6,轻度污染,9,3,秋季
2024-09-11,西安,西北,34.3,108.9,148.8,55.2,82.5,11.0,27.6,1.1,66.0,轻度污染,9,3,秋季
2024-09-12,西安,西北,34.3,108.9,127.7,41.1,82.6,8.2,20.5,0.82,66.1,轻度污染,9,3,秋季
2024-09-13,西安,西北,34.3,108.9,179.5,61.8,108.6,12.4,30.9,1.24,86.9,中度污染,9,3,秋季
2024-09-14,西安,西北,34.3,108.9,115.9,41.3,67.6,8.3,20.6,0.83,54.0,轻度污染,9,3,秋季
2024-09-15,西安,西北,34.3,108.9,123.8,52.7,55.9,10.5,26.3,1.05,44.8,轻度污染,9,3,秋季
2024-09-16,西安,西北,34.3,108.9,172.5,60.8,101.6,12.2,30.4,1.22,81.3,中度污染,9,3,秋季
2024-09-17,西安,西北,34.3,108.9,159.5,65.6,76.3,13.1,32.8,1.31,61.0,中度污染,9,3,秋季
2024-09-18,西安,西北,34.3,108.9,92.9,35.5,49.6,7.1,17.7,0.71,39.7,良,9,3,秋季
2024-09-19,西安,西北,34.3,108.9,141.1,50.6,81.5,10.1,25.3,1.01,65.2,轻度污染,9,3,秋季
2024-09-20,西安,西北,34.3,108.9,98.5,37.3,53.1,7.5,18.7,0.75,42.5,良,9,3,秋季
2024-09-21,西安,西北,34.3,108.9,174.6,64.3,97.8,12.9,32.1,1.29,78.2,中度污染,9,3,秋季
2024-09-22,西安,西北,34.3,108.9,97.9,40.1,47.2,8.0,20.1,0.8,37.7,良,9,3,秋季
2024-09-23,西安,西北,34.3,108.9,121.0,50.1,57.3,10.0,25.1,1.0,45.9,轻度污染,9,3,秋季
2024-09-24,西安,西北,34.3,108.9,122.3,48.4,62.2,9.7,24.2,0.97,49.7,轻度污染,9,3,秋季
2024-09-25,西安,西北,34.3,108.9,111.4,41.2,62.0,8.2,20.6,0.82,49.6,轻度污染,9,3,秋季
2024-09-26,西安,西北,34.3,108.9,98.2,33.1,60.7,6.6,16.5,0.66,48.5,良,9,3,秋季
2024-09-27,西安,西北,34.3,108.9,161.6,59.0,91.3,11.8,29.5,1.18,73.1,中度污染,9,3,秋季
2024-09-28,西安,西北,34.3,108.9,134.5,54.5,65.9,10.9,27.3,1.09,52.7,轻度污染,9,3,秋季
2024-09-29,西安,西北,34.3,108.9,52.5,20.3,27.6,4.1,10.1,0.41,22.1,良,9,3,秋季
2024-09-30,西安,西北,34.3,108.9,34.3,10.9,22.4,2.2,5.5,0.22,17.9,优,9,3,秋季
2024-10-01,西安,西北,34.3,108.9,140.1,55.3,71.4,11.1,27.7,1.11,57.1,轻度污染,10,4,秋季
2024-10-02,西安,西北,34.3,108.9,110.7,44.6,54.8,8.9,22.3,0.89,43.9,轻度污染,10,4,秋季
2024-10-03,西安,西北,34.3,108.9,217.6,72.7,135.8,14.5,36.3,1.45,108.6,重度污染,10,4,秋季
2024-10-04,西安,西北,34.3,108.9,125.6,47.0,68.9,9.4,23.5,0.94,55.1,轻度污染,10,4,秋季
2024-10-05,西安,西北,34.3,108.9,197.0,73.3,108.8,14.7,36.7,1.47,87.1,中度污染,10,4,秋季
2024-10-06,西安,西北,34.3,108.9,113.7,37.6,71.5,7.5,18.8,0.75,57.2,轻度污染,10,4,秋季
2024-10-07,西安,西北,34.3,108.9,121.4,41.3,74.4,8.3,20.6,0.83,59.5,轻度污染,10,4,秋季
2024-10-08,西安,西北,34.3,108.9,74.4,26.6,43.0,5.3,13.3,0.53,34.4,良,10,4,秋季
2024-10-09,西安,西北,34.3,108.9,149.0,50.2,92.2,10.0,25.1,1.0,73.7,轻度污染,10,4,秋季
2024-10-10,西安,西北,34.3,108.9,120.7,45.4,65.8,9.1,22.7,0.91,52.7,轻度污染,10,4,秋季
2024-10-11,西安,西北,34.3,108.9,170.1,63.7,93.2,12.7,31.9,1.27,74.6,中度污染,10,4,秋季
2024-10-12,西安,西北,34.3,108.9,153.5,52.4,93.7,10.5,26.2,1.05,74.9,中度污染,10,4,秋季
2024-10-13,西安,西北,34.3,108.9,124.7,40.0,80.8,8.0,20.0,0.8,64.7,轻度污染,10,4,秋季
2024-10-14,西安,西北,34.3,108.9,191.0,67.2,112.7,13.4,33.6,1.34,90.1,中度污染,10,4,秋季
2024-10-15,西安,西北,34.3,108.9,112.7,45.4,55.7,9.1,22.7,0.91,44.6,轻度污染,10,4,秋季
2024-10-16,西安,西北,34.3,108.9,136.6,49.3,78.3,9.9,24.6,0.99,62.6,轻度污染,10,4,秋季
2024-10-17,西安,西北,34.3,108.9,79.3,34.3,34.9,6.9,17.1,0.69,27.9,良,10,4,秋季
2024-10-18,西安,西北,34.3,108.9,136.7,54.3,69.1,10.9,27.1,1.09,55.3,轻度污染,10,4,秋季
2024-10-19,西安,西北,34.3,108.9,107.9,44.3,51.8,8.9,22.1,0.89,41.4,轻度污染,10,4,秋季
2024-10-20,西安,西北,34.3,108.9,131.8,51.0,69.2,10.2,25.5,1.02,55.3,轻度污染,10,4,秋季
2024-10-21,西安,西北,34.3,108.9,170.7,60.0,100.8,12.0,30.0,1.2,80.6,中度污染,10,4,秋季
2024-10-22,西安,西北,34.3,108.9,98.0,34.9,57.1,7.0,17.5,0.7,45.7,良,10,4,秋季
2024-10-23,西安,西北,34.3,108.9,136.4,54.9,67.4,11.0,27.5,1.1,54.0,轻度污染,10,4,秋季
2024-10-24,西安,西北,34.3,108.9,134.2,47.8,78.2,9.6,23.9,0.96,62.6,轻度污染,10,4,秋季
2024-10-25,西安,西北,34.3,108.9,147.1,57.1,76.8,11.4,28.6,1.14,61.4,轻度污染,10,4,秋季
2024-10-26,西安,西北,34.3,108.9,64.3,27.7,28.5,5.5,13.8,0.55,22.8,良,10,4,秋季
2024-10-27,西安,西北,34.3,108.9,131.8,48.5,73.9,9.7,24.2,0.97,59.1,轻度污染,10,4,秋季
2024-10-28,西安,西北,34.3,108.9,157.0,58.7,86.2,11.7,29.4,1.17,68.9,中度污染,10,4,秋季
2024-10-29,西安,西北,34.3,108.9,140.8,54.1,74.6,10.8,27.0,1.08,59.7,轻度污染,10,4,秋季
2024-10-30,西安,西北,34.3,108.9,67.2,29.1,29.4,5.8,14.6,0.58,23.5,良,10,4,秋季
2024-10-31,西安,西北,34.3,108.9,52.7,15.3,37.2,3.1,7.6,0.31,29.7,良,10,4,秋季
2024-11-01,西安,西北,34.3,108.9,145.5,48.6,90.7,9.7,24.3,0.97,72.6,轻度污染,11,4,秋季
2024-11-02,西安,西北,34.3,108.9,133.4,45.6,81.2,9.1,22.8,0.91,65.0,轻度污染,11,4,秋季
2024-11-03,西安,西北,34.3,108.9,113.6,40.5,66.1,8.1,20.2,0.81,52.9,轻度污染,11,4,秋季
2024-11-04,西安,西北,34.3,108.9,177.8,66.8,97.0,13.4,33.4,1.34,77.6,中度污染,11,4,秋季
2024-11-05,西安,西北,34.3,108.9,157.9,56.1,92.1,11.2,28.1,1.12,73.7,中度污染,11,4,秋季
2024-11-06,西安,西北,34.3,108.9,155.4,57.2,86.9,11.4,28.6,1.14,69.5,中度污染,11,4,秋季
2024-11-07,西安,西北,34.3,108.9,106.7,43.3,52.2,8.7,21.6,0.87,41.8,轻度污染,11,4,秋季
2024-11-08,西安,西北,34.3,108.9,157.3,58.8,86.4,11.8,29.4,1.18,69.2,中度污染,11,4,秋季
2024-11-09,西安,西北,34.3,108.9,146.6,58.9,72.8,11.8,29.5,1.18,58.2,轻度污染,11,4,秋季
2024-11-10,西安,西北,34.3,108.9,154.8,53.7,92.8,10.7,26.9,1.07,74.2,中度污染,11,4,秋季
2024-11-11,西安,西北,34.3,108.9,93.2,42.8,36.3,8.6,21.4,0.86,29.0,良,11,4,秋季
2024-11-12,西安,西北,34.3,108.9,120.6,43.2,69.9,8.6,21.6,0.86,55.9,轻度污染,11,4,秋季
2024-11-13,西安,西北,34.3,108.9,103.4,41.7,51.2,8.3,20.8,0.83,40.9,轻度污染,11,4,秋季
2024-11-14,西安,西北,34.3,108.9,138.1,51.7,75.8,10.3,25.8,1.03,60.6,轻度污染,11,4,秋季
2024-11-15,西安,西北,34.3,108.9,59.1,25.2,26.6,5.0,12.6,0.5,21.3,良,11,4,秋季
2024-11-16,西安,西北,34.3,108.9,66.7,24.0,38.3,4.8,12.0,0.48,30.6,良,11,4,秋季
2024-11-17,西安,西北,34.3,108.9,76.7,32.1,35.8,6.4,16.0,0.64,28.6,良,11,4,秋季
2024-11-18,西安,西北,34.3,108.9,75.4,30.0,38.0,6.0,15.0,0.6,30.4,良,11,4,秋季
2024-11-19,西安,西北,34.3,108.9,131.8,49.7,71.5,9.9,24.9,0.99,57.2,轻度污染,11,4,秋季
2024-11-20,西安,西北,34.3,108.9,95.2,38.8,46.2,7.8,19.4,0.78,36.9,良,11,4,秋季
2024-11-21,西安,西北,34.3,108.9,162.5,59.0,92.5,11.8,29.5,1.18,74.0,中度污染,11,4,秋季
2024-11-22,西安,西北,34.3,108.9,76.1,33.6,32.1,6.7,16.8,0.67,25.7,良,11,4,秋季
2024-11-23,西安,西北,34.3,108.9,92.1,43.4,33.8,8.7,21.7,0.87,27.1,良,11,4,秋季
2024-11-24,西安,西北,34.3,108.9,53.3,19.2,30.7,3.8,9.6,0.38,24.5,良,11,4,秋季
2024-11-25,西安,西北,34.3,108.9,105.0,38.2,59.7,7.6,19.1,0.76,47.7,轻度污染,11,4,秋季
2024-11-26,西安,西北,34.3,108.9,144.2,53.0,80.9,10.6,26.5,1.06,64.7,轻度污染,11,4,秋季
2024-11-27,西安,西北,34.3,108.9,180.5,70.3,93.8,14.1,35.1,1.41,75.1,中度污染,11,4,秋季
2024-11-28,西安,西北,34.3,108.9,151.0,53.5,88.3,10.7,26.8,1.07,70.7,中度污染,11,4,秋季
2024-11-29,西安,西北,34.3,108.9,91.3,30.5,57.1,6.1,15.2,0.61,45.7,良,11,4,秋季
2024-11-30,西安,西北,34.3,108.9,211.1,75.3,122.7,15.1,37.7,1.51,98.2,重度污染,11,4,秋季
2024-12-01,西安,西北,34.3,108.9,123.2,39.8,79.3,8.0,19.9,0.8,63.4,轻度污染,12,4,冬季
2024-12-02,西安,西北,34.3,108.9,171.3,58.5,104.4,11.7,29.3,1.17,83.5,中度污染,12,4,冬季
2024-12-03,西安,西北,34.3,108.9,149.4,55.8,82.2,11.2,27.9,1.12,65.7,轻度污染,12,4,冬季
2024-12-04,西安,西北,34.3,108.9,145.4,55.7,77.3,11.1,27.9,1.11,61.8,轻度污染,12,4,冬季
2024-12-05,西安,西北,34.3,108.9,191.8,67.1,113.9,13.4,33.6,1.34,91.1,中度污染,12,4,冬季
2024-12-06,西安,西北,34.3,108.9,143.4,54.9,76.2,11.0,27.5,1.1,61.0,轻度污染,12,4,冬季
2024-12-07,西安,西北,34.3,108.9,174.0,64.0,97.4,12.8,32.0,1.28,77.9,中度污染,12,4,冬季
2024-12-08,西安,西北,34.3,108.9,134.6,50.1,74.3,10.0,25.0,1.0,59.4,轻度污染,12,4,冬季
2024-12-09,西安,西北,34.3,108.9,161.9,62.2,85.7,12.4,31.1,1.24,68.6,中度污染,12,4,冬季
2024-12-10,西安,西北,34.3,108.9,212.0,77.9,118.9,15.6,39.0,1.56,95.1,重度污染,12,4,冬季
2024-12-11,西安,西北,34.3,108.9,221.3,75.5,135.0,15.1,37.8,1.51,108.0,重度污染,12,4,冬季
2024-12-12,西安,西北,34.3,108.9,188.2,72.5,99.2,14.5,36.3,1.45,79.4,中度污染,12,4,冬季
2024-12-13,西安,西北,34.3,108.9,137.6,60.2,59.2,12.0,30.1,1.2,47.3,轻度污染,12,4,冬季
2024-12-14,西安,西北,34.3,108.9,167.0,58.7,98.6,11.7,29.4,1.17,78.9,中度污染,12,4,冬季
2024-12-15,西安,西北,34.3,108.9,138.3,56.1,67.7,11.2,28.0,1.12,54.1,轻度污染,12,4,冬季
2024-12-16,西安,西北,34.3,108.9,179.0,71.4,89.8,14.3,35.7,1.43,71.9,中度污染,12,4,冬季
2024-12-17,西安,西北,34.3,108.9,148.1,56.0,80.2,11.2,28.0,1.12,64.1,轻度污染,12,4,冬季
2024-12-18,西安,西北,34.3,108.9,217.1,77.6,125.9,15.5,38.8,1.55,100.7,重度污染,12,4,冬季
2024-12-19,西安,西北,34.3,108.9,186.7,65.5,110.6,13.1,32.7,1.31,88.5,中度污染,12,4,冬季
2024-12-20,西安,西北,34.3,108.9,225.1,85.3,121.4,17.1,42.6,1.71,97.1,重度污染,12,4,冬季
2024-12-21,西安,西北,34.3,108.9,135.3,58.8,58.8,11.8,29.4,1.18,47.0,轻度污染,12,4,冬季
2024-12-22,西安,西北,34.3,108.9,165.0,60.7,92.4,12.1,30.4,1.21,73.9,中度污染,12,4,冬季
2024-12-23,西安,西北,34.3,108.9,204.4,75.7,113.5,15.1,37.9,1.51,90.8,重度污染,12,4,冬季
2024-12-24,西安,西北,34.3,108.9,129.7,58.7,52.0,11.7,29.3,1.17,41.6,轻度污染,12,4,冬季
2024-12-25,西安,西北,34.3,108.9,157.4,62.7,79.1,12.5,31.4,1.25,63.3,中度污染,12,4,冬季
2024-12-26,西安,西北,34.3,108.9,154.4,57.6,85.0,11.5,28.8,1.15,68.0,中度污染,12,4,冬季
2024-12-27,西安,西北,34.3,108.9,161.9,58.8,92.1,11.8,29.4,1.18,73.7,中度污染,12,4,冬季
2024-12-28,西安,西北,34.3,108.9,152.6,57.6,82.9,11.5,28.8,1.15,66.3,中度污染,12,4,冬季
2024-12-29,西安,西北,34.3,108.9,197.4,74.9,106.4,15.0,37.4,1.5,85.1,中度污染,12,4,冬季
2024-12-30,西安,西北,34.3,108.9,183.2,66.8,103.8,13.4,33.4,1.34,83.0,中度污染,12,4,冬季
2024-12-31,西安,西北,34.3,108.9,135.8,49.7,76.6,9.9,24.8,0.99,61.3,轻度污染,12,4,冬季
2024-01-01,武汉,华中,30.6,114.3,111.9,40.6,63.7,8.1,20.3,0.81,51.0,轻度污染,1,1,冬季
2024-01-02,武汉,华中,30.6,114.3,125.5,45.0,72.5,9.0,22.5,0.9,58.0,轻度污染,1,1,冬季
2024-01-03,武汉,华中,30.6,114.3,200.7,80.3,100.3,16.1,40.2,1.61,80.2,重度污染,1,1,冬季
2024-01-04,武汉,华中,30.6,114.3,225.6,86.7,119.5,17.3,43.3,1.73,95.6,重度污染,1,1,冬季
2024-01-05,武汉,华中,30.6,114.3,200.2,64.8,128.6,13.0,32.4,1.3,102.9,重度污染,1,1,冬季
2024-01-06,武汉,华中,30.6,114.3,158.5,71.2,64.7,14.2,35.6,1.42,51.8,中度污染,1,1,冬季
2024-01-07,武汉,华中,30.6,114.3,100.7,42.9,45.5,8.6,21.4,0.86,36.4,轻度污染,1,1,冬季
2024-01-08,武汉,华中,30.6,114.3,184.8,68.3,103.0,13.7,34.2,1.37,82.4,中度污染,1,1,冬季
2024-01-09,武汉,华中,30.6,114.3,180.0,72.5,89.0,14.5,36.3,1.45,71.2,中度污染,1,1,冬季
2024-01-10,武汉,华中,30.6,114.3,116.0,42.2,66.0,8.4,21.1,0.84,52.8,轻度污染,1,1,冬季
2024-01-11,武汉,华中,30.6,114.3,240.7,92.5,127.5,18.5,46.2,1.85,102.0,重度污染,1,1,冬季
2024-01-12,武汉,华中,30.6,114.3,186.5,62.3,116.4,12.5,31.1,1.25,93.1,中度污染,1,1,冬季
2024-01-13,武汉,华中,30.6,114.3,175.2,71.1,85.7,14.2,35.5,1.42,68.6,中度污染,1,1,冬季
2024-01-14,武汉,华中,30.6,114.3,159.4,58.7,89.1,11.7,29.4,1.17,71.3,中度污染,1,1,冬季
2024-01-15,武汉,华中,30.6,114.3,175.1,64.2,98.6,12.8,32.1,1.28,78.8,中度污染,1,1,冬季
2024-01-16,武汉,华中,30.6,114.3,181.0,62.4,109.2,12.5,31.2,1.25,87.4,中度污染,1,1,冬季
2024-01-17,武汉,华中,30.6,114.3,84.2,29.4,50.1,5.9,14.7,0.59,40.1,良,1,1,冬季
2024-01-18,武汉,华中,30.6,114.3,111.3,44.2,56.2,8.8,22.1,0.88,45.0,轻度污染,1,1,冬季
2024-01-19,武汉,华中,30.6,114.3,100.1,35.6,58.4,7.1,17.8,0.71,46.7,轻度污染,1,1,冬季
2024-01-20,武汉,华中,30.6,114.3,132.0,50.7,69.9,10.1,25.4,1.01,55.9,轻度污染,1,1,冬季
2024-01-21,武汉,华中,30.6,114.3,191.8,69.4,109.7,13.9,34.7,1.39,87.8,中度污染,1,1,冬季
2024-01-22,武汉,华中,30.6,114.3,227.7,83.9,127.2,16.8,42.0,1.68,101.8,重度污染,1,1,冬季
2024-01-23,武汉,华中,30.6,114.3,157.0,59.9,84.0,12.0,29.9,1.2,67.2,中度污染,1,1,冬季
2024-01-24,武汉,华中,30.6,114.3,198.9,68.9,119.5,13.8,34.4,1.38,95.6,中度污染,1,1,冬季
2024-01-25,武汉,华中,30.6,114.3,166.8,56.1,103.4,11.2,28.0,1.12,82.7,中度污染,1,1,冬季
2024-01-26,武汉,华中,30.6,114.3,186.6,71.4,99.5,14.3,35.7,1.43,79.6,中度污染,1,1,冬季
2024-01-27,武汉,华中,30.6,114.3,146.2,52.7,83.9,10.5,26.4,1.05,67.1,轻度污染,1,1,冬季
2024-01-28,武汉,华中,30.6,114.3,120.9,52.0,53.6,10.4,26.0,1.04,42.9,轻度污染,1,1,冬季
2024-01-29,武汉,华中,30.6,114.3,154.4,53.5,92.7,10.7,26.8,1.07,74.2,中度污染,1,1,冬季
2024-01-30,武汉,华中,30.6,114.3,200.8,75.4,109.5,15.1,37.7,1.51,87.6,重度污染,1,1,冬季
2024-01-31,武汉,华中,30.6,114.3,109.4,34.0,73.0,6.8,17.0,0.68,58.4,轻度污染,1,1,冬季
2024-02-01,武汉,华中,30.6,114.3,135.0,49.1,76.8,9.8,24.5,0.98,61.4,轻度污染,2,1,冬季
2024-02-02,武汉,华中,30.6,114.3,68.6,35.0,20.2,7.0,17.5,0.7,16.1,良,2,1,冬季
2024-02-03,武汉,华中,30.6,114.3,87.3,33.2,47.0,6.6,16.6,0.66,37.6,良,2,1,冬季
2024-02-04,武汉,华中,30.6,114.3,101.5,41.3,49.5,8.3,20.6,0.83,39.6,轻度污染,2,1,冬季
2024-02-05,武汉,华中,30.6,114.3,130.6,43.9,80.9,8.8,21.9,0.88,64.8,轻度污染,2,1,冬季
2024-02-06,武汉,华中,30.6,114.3,104.9,40.0,56.2,8.0,20.0,0.8,45.0,轻度污染,2,1,冬季
2024-02-07,武汉,华中,30.6,114.3,190.4,69.8,107.0,14.0,34.9,1.4,85.6,中度污染,2,1,冬季
2024-02-08,武汉,华中,30.6,114.3,155.4,55.5,90.2,11.1,27.7,1.11,72.2,中度污染,2,1,冬季
2024-02-09,武汉,华中,30.6,114.3,119.2,48.1,58.9,9.6,24.0,0.96,47.1,轻度污染,2,1,冬季
2024-02-10,武汉,华中,30.6,114.3,188.7,63.8,116.3,12.8,31.9,1.28,93.0,中度污染,2,1,冬季
2024-02-11,武汉,华中,30.6,114.3,190.2,68.9,108.5,13.8,34.5,1.38,86.8,中度污染,2,1,冬季
2024-02-12,武汉,华中,30.6,114.3,170.0,66.0,88.7,13.2,33.0,1.32,70.9,中度污染,2,1,冬季
2024-02-13,武汉,华中,30.6,114.3,164.4,61.4,90.5,12.3,30.7,1.23,72.4,中度污染,2,1,冬季
2024-02-14,武汉,华中,30.6,114.3,128.1,51.3,63.9,10.3,25.7,1.03,51.1,轻度污染,2,1,冬季
2024-02-15,武汉,华中,30.6,114.3,71.1,29.5,33.5,5.9,14.8,0.59,26.8,良,2,1,冬季
2024-02-16,武汉,华中,30.6,114.3,124.6,41.1,78.7,8.2,20.5,0.82,63.0,轻度污染,2,1,冬季
2024-02-17,武汉,华中,30.6,114.3,163.8,57.9,96.3,11.6,28.9,1.16,77.0,中度污染,2,1,冬季
2024-02-18,武汉,华中,30.6,114.3,153.7,53.0,92.8,10.6,26.5,1.06,74.2,中度污染,2,1,冬季
2024-02-19,武汉,华中,30.6,114.3,95.2,38.3,47.2,7.7,19.2,0.77,37.8,良,2,1,冬季
2024-02-20,武汉,华中,30.6,114.3,73.2,23.4,47.6,4.7,11.7,0.47,38.1,良,2,1,冬季
2024-02-21,武汉,华中,30.6,114.3,92.6,31.8,56.2,6.4,15.9,0.64,44.9,良,2,1,冬季
2024-02-22,武汉,华中,30.6,114.3,53.2,20.2,28.6,4.0,10.1,0.4,22.8,良,2,1,冬季
2024-02-23,武汉,华中,30.6,114.3,146.5,52.5,84.7,10.5,26.3,1.05,67.7,轻度污染,2,1,冬季
2024-02-24,武汉,华中,30.6,114.3,158.3,65.2,75.7,13.0,32.6,1.3,60.5,中度污染,2,1,冬季
2024-02-25,武汉,华中,30.6,114.3,135.9,44.6,86.2,8.9,22.3,0.89,69.0,轻度污染,2,1,冬季
2024-02-26,武汉,华中,30.6,114.3,155.9,55.5,90.8,11.1,27.8,1.11,72.7,中度污染,2,1,冬季
2024-02-27,武汉,华中,30.6,114.3,157.4,59.3,85.6,11.9,29.6,1.19,68.5,中度污染,2,1,冬季
2024-02-28,武汉,华中,30.6,114.3,225.8,84.4,124.0,16.9,42.2,1.69,99.2,重度污染,2,1,冬季
2024-02-29,武汉,华中,30.6,114.3,94.1,38.5,45.4,7.7,19.3,0.77,36.3,良,2,1,冬季
2024-03-01,武汉,华中,30.6,114.3,143.8,55.6,75.5,11.1,27.8,1.11,60.4,轻度污染,3,1,春季
2024-03-02,武汉,华中,30.6,114.3,110.9,44.4,55.3,8.9,22.2,0.89,44.3,轻度污染,3,1,春季
2024-03-03,武汉,华中,30.6,114.3,180.7,65.4,103.2,13.1,32.7,1.31,82.5,中度污染,3,1,春季
2024-03-04,武汉,华中,30.6,114.3,102.0,35.8,60.3,7.2,17.9,0.72,48.3,轻度污染,3,1,春季
2024-03-05,武汉,华中,30.6,114.3,156.6,57.4,88.0,11.5,28.7,1.15,70.4,中度污染,3,1,春季
2024-03-06,武汉,华中,30.6,114.3,158.3,59.1,87.0,11.8,29.6,1.18,69.6,中度污染,3,1,春季
2024-03-07,武汉,华中,30.6,114.3,118.5,40.0,73.1,8.0,20.0,0.8,58.5,轻度污染,3,1,春季
2024-03-08,武汉,华中,30.6,114.3,119.7,45.2,64.9,9.0,22.6,0.9,51.9,轻度污染,3,1,春季
2024-03-09,武汉,华中,30.6,114.3,125.2,41.3,79.0,8.3,20.7,0.83,63.2,轻度污染,3,1,春季
2024-03-10,武汉,华中,30.6,114.3,155.3,57.3,86.7,11.5,28.7,1.15,69.3,中度污染,3,1,春季
2024-03-11,武汉,华中,30.6,114.3,135.9,51.3,73.7,10.3,25.6,1.03,59.0,轻度污染,3,1,春季
2024-03-12,武汉,华中,30.6,114.3,152.1,58.7,80.1,11.7,29.4,1.17,64.1,中度污染,3,1,春季
2024-03-13,武汉,华中,30.6,114.3,104.8,41.6,53.0,8.3,20.8,0.83,42.4,轻度污染,3,1,春季
2024-03-14,武汉,华中,30.6,114.3,157.7,59.7,85.2,11.9,29.9,1.19,68.2,中度污染,3,1,春季
2024-03-15,武汉,华中,30.6,114.3,163.4,57.6,96.1,11.5,28.8,1.15,76.9,中度污染,3,1,春季
2024-03-16,武汉,华中,30.6,114.3,117.0,42.2,67.0,8.4,21.1,0.84,53.6,轻度污染,3,1,春季
2024-03-17,武汉,华中,30.6,114.3,53.6,15.2,38.5,3.0,7.6,0.3,30.8,良,3,1,春季
2024-03-18,武汉,华中,30.6,114.3,63.3,23.8,34.5,4.8,11.9,0.48,27.6,良,3,1,春季
2024-03-19,武汉,华中,30.6,114.3,185.9,64.6,111.2,12.9,32.3,1.29,89.0,中度污染,3,1,春季
2024-03-20,武汉,华中,30.6,114.3,115.6,40.0,69.6,8.0,20.0,0.8,55.7,轻度污染,3,1,春季
2024-03-21,武汉,华中,30.6,114.3,115.0,43.8,61.5,8.8,21.9,0.88,49.2,轻度污染,3,1,春季
2024-03-22,武汉,华中,30.6,114.3,118.6,47.9,58.5,9.6,23.9,0.96,46.8,轻度污染,3,1,春季
2024-03-23,武汉,华中,30.6,114.3,31.7,15.8,10.0,3.2,7.9,0.32,8.0,优,3,1,春季
2024-03-24,武汉,华中,30.6,114.3,116.9,51.0,50.5,10.2,25.5,1.02,40.4,轻度污染,3,1,春季
2024-03-25,武汉,华中,30.6,114.3,15.5,5.0,10.0,1.0,2.5,0.1,8.0,优,3,1,春季
2024-03-26,武汉,华中,30.6,114.3,109.4,40.0,61.7,8.0,20.0,0.8,49.4,轻度污染,3,1,春季
2024-03-27,武汉,华中,30.6,114.3,115.1,40.4,68.1,8.1,20.2,0.81,54.5,轻度污染,3,1,春季
2024-03-28,武汉,华中,30.6,114.3,118.9,42.6,68.7,8.5,21.3,0.85,54.9,轻度污染,3,1,春季
2024-03-29,武汉,华中,30.6,114.3,196.1,69.0,115.8,13.8,34.5,1.38,92.6,中度污染,3,1,春季
2024-03-30,武汉,华中,30.6,114.3,107.8,39.4,61.0,7.9,19.7,0.79,48.8,轻度污染,3,1,春季
2024-03-31,武汉,华中,30.6,114.3,24.5,11.0,10.0,2.2,5.5,0.22,8.0,优,3,1,春季
2024-04-01,武汉,华中,30.6,114.3,45.9,18.0,23.6,3.6,9.0,0.36,18.9,优,4,2,春季
2024-04-02,武汉,华中,30.6,114.3,121.3,38.9,78.6,7.8,19.5,0.78,62.9,轻度污染,4,2,春季
2024-04-03,武汉,华中,30.6,114.3,129.7,54.1,60.8,10.8,27.0,1.08,48.6,轻度污染,4,2,春季
2024-04-04,武汉,华中,30.6,114.3,127.9,43.7,78.0,8.7,21.8,0.87,62.4,轻度污染,4,2,春季
2024-04-05,武汉,华中,30.6,114.3,112.8,43.5,59.4,8.7,21.8,0.87,47.5,轻度污染,4,2,春季
2024-04-06,武汉,华中,30.6,114.3,120.6,43.6,69.0,8.7,21.8,0.87,55.2,轻度污染,4,2,春季
2024-04-07,武汉,华中,30.6,114.3,110.2,42.2,58.6,8.4,21.1,0.84,46.9,轻度污染,4,2,春季
2024-04-08,武汉,华中,30.6,114.3,140.1,54.2,73.5,10.8,27.1,1.08,58.8,轻度污染,4,2,春季
2024-04-09,武汉,华中,30.6,114.3,121.0,43.2,70.3,8.6,21.6,0.86,56.2,轻度污染,4,2,春季
2024-04-10,武汉,华中,30.6,114.3,105.7,43.3,50.8,8.7,21.7,0.87,40.7,轻度污染,4,2,春季
2024-04-11,武汉,华中,30.6,114.3,129.4,46.7,74.1,9.3,23.4,0.93,59.3,轻度污染,4,2,春季
2024-04-12,武汉,华中,30.6,114.3,175.5,61.6,103.8,12.3,30.8,1.23,83.0,中度污染,4,2,春季
2024-04-13,武汉,华中,30.6,114.3,125.5,44.2,74.0,8.8,22.1,0.88,59.2,轻度污染,4,2,春季
2024-04-14,武汉,华中,30.6,114.3,186.3,58.2,123.8,11.6,29.1,1.16,99.0,中度污染,4,2,春季
2024-04-15,武汉,华中,30.6,114.3,153.9,58.8,82.1,11.8,29.4,1.18,65.7,中度污染,4,2,春季
2024-04-16,武汉,华中,30.6,114.3,109.3,46.6,49.4,9.3,23.3,0.93,39.5,轻度污染,4,2,春季
2024-04-17,武汉,华中,30.6,114.3,58.8,24.1,28.3,4.8,12.0,0.48,22.6,良,4,2,春季
2024-04-18,武汉,华中,30.6,114.3,113.6,42.8,61.6,8.6,21.4,0.86,49.3,轻度污染,4,2,春季
2024-04-19,武汉,华中,30.6,114.3,123.2,44.0,71.5,8.8,22.0,0.88,57.2,轻度污染,4,2,春季
2024-04-20,武汉,华中,30.6,114.3,176.8,59.6,109.3,11.9,29.8,1.19,87.4,中度污染,4,2,春季
2024-04-21,武汉,华中,30.6,114.3,148.9,52.3,88.1,10.5,26.1,1.05,70.5,轻度污染,4,2,春季
2024-04-22,武汉,华中,30.6,114.3,121.2,43.0,70.8,8.6,21.5,0.86,56.6,轻度污染,4,2,春季
2024-04-23,武汉,华中,30.6,114.3,87.2,37.8,38.0,7.6,18.9,0.76,30.4,良,4,2,春季
2024-04-24,武汉,华中,30.6,114.3,95.2,48.7,27.7,9.7,24.4,0.97,22.1,良,4,2,春季
2024-04-25,武汉,华中,30.6,114.3,129.2,49.3,69.1,9.9,24.6,0.99,55.3,轻度污染,4,2,春季
2024-04-26,武汉,华中,30.6,114.3,118.4,55.3,44.3,11.1,27.6,1.11,35.4,轻度污染,4,2,春季
2024-04-27,武汉,华中,30.6,114.3,132.8,50.5,71.4,10.1,25.2,1.01,57.2,轻度污染,4,2,春季
2024-04-28,武汉,华中,30.6,114.3,64.8,20.6,42.5,4.1,10.3,0.41,34.0,良,4,2,春季
2024-04-29,武汉,华中,30.6,114.3,81.6,35.1,36.3,7.0,17.5,0.7,29.0,良,4,2,春季
2024-04-30,武汉,华中,30.6,114.3,26.7,7.3,19.8,1.5,3.6,0.15,15.8,优,4,2,春季
2024-05-01,武汉,华中,30.6,114.3,123.0,46.8,66.0,9.4,23.4,0.94,52.8,轻度污染,5,2,春季
2024-05-02,武汉,华中,30.6,114.3,167.1,53.4,108.8,10.7,26.7,1.07,87.0,中度污染,5,2,春季
2024-05-03,武汉,华中,30.6,114.3,82.6,25.0,56.5,5.0,12.5,0.5,45.2,良,5,2,春季
2024-05-04,武汉,华中,30.6,114.3,49.6,17.0,30.1,3.4,8.5,0.34,24.0,优,5,2,春季
2024-05-05,武汉,华中,30.6,114.3,111.7,47.2,51.1,9.4,23.6,0.94,40.9,轻度污染,5,2,春季
2024-05-06,武汉,华中,30.6,114.3,150.0,58.0,78.8,11.6,29.0,1.16,63.1,中度污染,5,2,春季
2024-05-07,武汉,华中,30.6,114.3,127.1,47.2,70.4,9.4,23.6,0.94,56.4,轻度污染,5,2,春季
2024-05-08,武汉,华中,30.6,114.3,88.6,38.8,38.0,7.8,19.4,0.78,30.4,良,5,2,春季
2024-05-09,武汉,华中,30.6,114.3,163.5,59.7,92.4,11.9,29.8,1.19,73.9,中度污染,5,2,春季
2024-05-10,武汉,华中,30.6,114.3,148.0,50.0,91.1,10.0,25.0,1.0,72.9,轻度污染,5,2,春季
2024-05-11,武汉,华中,30.6,114.3,79.7,18.6,64.8,3.7,9.3,0.37,51.8,良,5,2,春季
2024-05-12,武汉,华中,30.6,114.3,140.7,50.6,81.1,10.1,25.3,1.01,64.8,轻度污染,5,2,春季
2024-05-13,武汉,华中,30.6,114.3,139.1,53.9,72.8,10.8,26.9,1.08,58.3,轻度污染,5,2,春季
2024-05-14,武汉,华中,30.6,114.3,176.0,65.2,97.9,13.0,32.6,1.3,78.3,中度污染,5,2,春季
2024-05-15,武汉,华中,30.6,114.3,117.2,48.9,54.9,9.8,24.4,0.98,43.9,轻度污染,5,2,春季
2024-05-16,武汉,华中,30.6,114.3,142.4,53.7,77.3,10.7,26.9,1.07,61.8,轻度污染,5,2,春季
2024-05-17,武汉,华中,30.6,114.3,105.1,35.0,65.8,7.0,17.5,0.7,52.6,轻度污染,5,2,春季
2024-05-18,武汉,华中,30.6,114.3,135.3,54.0,67.9,10.8,27.0,1.08,54.3,轻度污染,5,2,春季
2024-05-19,武汉,华中,30.6,114.3,109.6,39.0,63.9,7.8,19.5,0.78,51.1,轻度污染,5,2,春季
2024-05-20,武汉,华中,30.6,114.3,77.8,33.7,34.1,6.7,16.8,0.67,27.3,良,5,2,春季
2024-05-21,武汉,华中,30.6,114.3,115.5,41.7,66.2,8.3,20.8,0.83,53.0,轻度污染,5,2,春季
2024-05-22,武汉,华中,30.6,114.3,65.4,27.6,29.9,5.5,13.8,0.55,24.0,良,5,2,春季
2024-05-23,武汉,华中,30.6,114.3,159.8,55.2,96.4,11.0,27.6,1.1,77.1,中度污染,5,2,春季
2024-05-24,武汉,华中,30.6,114.3,125.0,40.6,80.2,8.1,20.3,0.81,64.1,轻度污染,5,2,春季
2024-05-25,武汉,华中,30.6,114.3,90.0,38.3,40.7,7.7,19.1,0.77,32.5,良,5,2,春季
2024-05-26,武汉,华中,30.6,114.3,147.2,47.0,95.9,9.4,23.5,0.94,76.7,轻度污染,5,2,春季
2024-05-27,武汉,华中,30.6,114.3,85.3,28.2,53.8,5.6,14.1,0.56,43.0,良,5,2,春季
2024-05-28,武汉,华中,30.6,114.3,154.2,51.1,97.0,10.2,25.6,1.02,77.6,中度污染,5,2,春季
2024-05-29,武汉,华中,30.6,114.3,186.4,71.8,98.3,14.4,35.9,1.44,78.6,中度污染,5,2,春季
2024-05-30,武汉,华中,30.6,114.3,37.1,19.4,10.0,3.9,9.7,0.39,8.0,优,5,2,春季
2024-05-31,武汉,华中,30.6,114.3,101.3,36.2,58.8,7.2,18.1,0.72,47.0,轻度污染,5,2,春季
2024-06-01,武汉,华中,30.6,114.3,65.9,26.1,33.4,5.2,13.1,0.52,26.7,良,6,2,夏季
2024-06-02,武汉,华中,30.6,114.3,74.2,26.6,42.9,5.3,13.3,0.53,34.3,良,6,2,夏季
2024-06-03,武汉,华中,30.6,114.3,100.1,39.5,51.0,7.9,19.8,0.79,40.8,轻度污染,6,2,夏季
2024-06-04,武汉,华中,30.6,114.3,81.8,33.6,39.3,6.7,16.8,0.67,31.4,良,6,2,夏季
2024-06-05,武汉,华中,30.6,114.3,73.0,28.0,38.7,5.6,14.0,0.56,31.0,良,6,2,夏季
2024-06-06,武汉,华中,30.6,114.3,52.0,11.6,43.3,2.3,5.8,0.23,34.6,良,6,2,夏季
2024-06-07,武汉,华中,30.6,114.3,97.9,31.0,64.3,6.2,15.5,0.62,51.4,良,6,2,夏季
2024-06-08,武汉,华中,30.6,114.3,40.0,12.8,26.1,2.6,6.4,0.26,20.8,优,6,2,夏季
2024-06-09,武汉,华中,30.6,114.3,120.5,44.6,67.0,8.9,22.3,0.89,53.6,轻度污染,6,2,夏季
2024-06-10,武汉,华中,30.6,114.3,78.0,25.9,48.9,5.2,13.0,0.52,39.1,良,6,2,夏季
2024-06-11,武汉,华中,30.6,114.3,82.7,26.8,53.0,5.4,13.4,0.54,42.4,良,6,2,夏季
2024-06-12,武汉,华中,30.6,114.3,69.7,31.7,27.7,6.3,15.8,0.63,22.2,良,6,2,夏季
2024-06-13,武汉,华中,30.6,114.3,123.7,46.5,67.5,9.3,23.2,0.93,54.0,轻度污染,6,2,夏季
2024-06-14,武汉,华中,30.6,114.3,95.0,28.7,64.8,5.7,14.4,0.57,51.9,良,6,2,夏季
2024-06-15,武汉,华中,30.6,114.3,80.4,22.5,58.3,4.5,11.3,0.45,46.6,良,6,2,夏季
2024-06-16,武汉,华中,30.6,114.3,62.7,28.8,24.3,5.8,14.4,0.58,19.5,良,6,2,夏季
2024-06-17,武汉,华中,30.6,114.3,89.0,34.8,45.9,7.0,17.4,0.7,36.8,良,6,2,夏季
2024-06-18,武汉,华中,30.6,114.3,60.6,21.2,36.1,4.2,10.6,0.42,28.9,良,6,2,夏季
2024-06-19,武汉,华中,30.6,114.3,65.1,21.0,41.9,4.2,10.5,0.42,33.5,良,6,2,夏季
2024-06-20,武汉,华中,30.6,114.3,39.6,16.7,18.2,3.3,8.4,0.33,14.6,优,6,2,夏季
2024-06-21,武汉,华中,30.6,114.3,34.5,10.7,22.9,2.1,5.4,0.21,18.3,优,6,2,夏季
2024-06-22,武汉,华中,30.6,114.3,69.1,27.5,34.8,5.5,13.8,0.55,27.9,良,6,2,夏季
2024-06-23,武汉,华中,30.6,114.3,54.2,12.4,44.4,2.5,6.2,0.25,35.5,良,6,2,夏季
2024-06-24,武汉,华中,30.6,114.3,76.1,27.0,44.6,5.4,13.5,0.54,35.7,良,6,2,夏季
2024-06-25,武汉,华中,30.6,114.3,53.1,17.9,32.9,3.6,8.9,0.36,26.3,良,6,2,夏季
2024-06-26,武汉,华中,30.6,114.3,83.6,21.8,63.6,4.4,10.9,0.44,50.9,良,6,2,夏季
2024-06-27,武汉,华中,30.6,114.3,68.2,16.7,53.9,3.3,8.3,0.33,43.1,良,6,2,夏季
2024-06-28,武汉,华中,30.6,114.3,55.8,16.9,38.0,3.4,8.5,0.34,30.4,良,6,2,夏季
2024-06-29,武汉,华中,30.6,114.3,76.5,14.7,68.0,2.9,7.4,0.29,54.4,良,6,2,夏季
2024-06-30,武汉,华中,30.6,114.3,58.5,32.7,11.7,6.5,16.4,0.65,9.4,良,6,2,夏季
2024-07-01,武汉,华中,30.6,114.3,30.1,14.7,10.0,2.9,7.4,0.29,8.0,优,7,3,夏季
2024-07-02,武汉,华中,30.6,114.3,55.4,20.9,30.1,4.2,10.4,0.42,24.1,良,7,3,夏季
2024-07-03,武汉,华中,30.6,114.3,22.9,8.6,12.6,1.7,4.3,0.17,10.1,优,7,3,夏季
2024-07-04,武汉,华中,30.6,114.3,116.4,43.3,64.4,8.7,21.6,0.87,51.5,轻度污染,7,3,夏季
2024-07-05,武汉,华中,30.6,114.3,56.7,17.6,37.9,3.5,8.8,0.35,30.3,良,7,3,夏季
2024-07-06,武汉,华中,30.6,114.3,74.7,27.1,42.5,5.4,13.6,0.54,34.0,良,7,3,夏季
2024-07-07,武汉,华中,30.6,114.3,103.0,35.5,62.2,7.1,17.7,0.71,49.7,轻度污染,7,3,夏季
2024-07-08,武汉,华中,30.6,114.3,160.7,56.4,95.1,11.3,28.2,1.13,76.1,中度污染,7,3,夏季
2024-07-09,武汉,华中,30.6,114.3,59.5,21.4,34.4,4.3,10.7,0.43,27.5,良,7,3,夏季
2024-07-10,武汉,华中,30.6,114.3,57.5,20.8,32.9,4.2,10.4,0.42,26.3,良,7,3,夏季
2024-07-11,武汉,华中,30.6,114.3,49.2,15.7,32.0,3.1,7.9,0.31,25.6,优,7,3,夏季
2024-07-12,武汉,华中,30.6,114.3,42.1,8.3,37.1,1.7,4.1,0.17,29.7,优,7,3,夏季
2024-07-13,武汉,华中,30.6,114.3,24.1,5.0,20.7,1.0,2.5,0.1,16.6,优,7,3,夏季
2024-07-14,武汉,华中,30.6,114.3,75.3,24.1,48.9,4.8,12.0,0.48,39.1,良,7,3,夏季
2024-07-15,武汉,华中,30.6,114.3,71.4,27.2,38.2,5.4,13.6,0.54,30.5,良,7,3,夏季
2024-07-16,武汉,华中,30.6,114.3,60.0,27.1,24.2,5.4,13.6,0.54,19.4,良,7,3,夏季
2024-07-17,武汉,华中,30.6,114.3,119.3,46.5,62.0,9.3,23.2,0.93,49.6,轻度污染,7,3,夏季
2024-07-18,武汉,华中,30.6,114.3,39.2,20.8,10.0,4.2,10.4,0.42,8.0,优,7,3,夏季
2024-07-19,武汉,华中,30.6,114.3,95.6,34.3,55.3,6.9,17.1,0.69,44.2,良,7,3,夏季
2024-07-20,武汉,华中,30.6,114.3,77.1,30.2,39.6,6.0,15.1,0.6,31.7,良,7,3,夏季
2024-07-21,武汉,华中,30.6,114.3,103.1,36.2,61.1,7.2,18.1,0.72,48.8,轻度污染,7,3,夏季
2024-07-22,武汉,华中,30.6,114.3,81.6,23.0,59.0,4.6,11.5,0.46,47.2,良,7,3,夏季
2024-07-23,武汉,华中,30.6,114.3,120.7,40.1,75.6,8.0,20.1,0.8,60.5,轻度污染,7,3,夏季
2024-07-24,武汉,华中,30.6,114.3,85.9,29.8,51.5,6.0,14.9,0.6,41.2,良,7,3,夏季
2024-07-25,武汉,华中,30.6,114.3,99.4,38.5,52.1,7.7,19.2,0.77,41.7,良,7,3,夏季
2024-07-26,武汉,华中,30.6,114.3,135.0,54.0,67.5,10.8,27.0,1.08,54.0,轻度污染,7,3,夏季
2024-07-27,武汉,华中,30.6,114.3,27.6,13.0,10.0,2.6,6.5,0.26,8.0,优,7,3,夏季
2024-07-28,武汉,华中,30.6,114.3,45.9,18.3,23.1,3.7,9.1,0.37,18.5,优,7,3,夏季
2024-07-29,武汉,华中,30.6,114.3,154.6,58.2,84.1,11.6,29.1,1.16,67.3,中度污染,7,3,夏季
2024-07-30,武汉,华中,30.6,114.3,88.5,33.2,48.4,6.6,16.6,0.66,38.7,良,7,3,夏季
2024-07-31,武汉,华中,30.6,114.3,79.6,30.2,42.9,6.0,15.1,0.6,34.3,良,7,3,夏季
2024-08-01,武汉,华中,30.6,114.3,15.5,5.0,10.0,1.0,2.5,0.1,8.0,优,8,3,夏季
2024-08-02,武汉,华中,30.6,114.3,29.8,11.0,16.6,2.2,5.5,0.22,13.3,优,8,3,夏季
2024-08-03,武汉,华中,30.6,114.3,89.0,31.4,52.3,6.3,15.7,0.63,41.9,良,8,3,夏季
2024-08-04,武汉,华中,30.6,114.3,150.5,50.7,93.0,10.1,25.4,1.01,74.4,中度污染,8,3,夏季
2024-08-05,武汉,华中,30.6,114.3,98.9,43.0,43.1,8.6,21.5,0.86,34.5,良,8,3,夏季
2024-08-06,武汉,华中,30.6,114.3,92.8,33.5,53.2,6.7,16.7,0.67,42.6,良,8,3,夏季
2024-08-07,武汉,华中,30.6,114.3,85.9,31.9,47.5,6.4,16.0,0.64,38.0,良,8,3,夏季
2024-08-08,武汉,华中,30.6,114.3,109.9,35.4,70.9,7.1,17.7,0.71,56.7,轻度污染,8,3,夏季
2024-08-09,武汉,华中,30.6,114.3,96.0,35.2,54.1,7.0,17.6,0.7,43.3,良,8,3,夏季
2024-08-10,武汉,华中,30.6,114.3,85.6,30.3,50.3,6.1,15.1,0.61,40.2,良,8,3,夏季
2024-08-11,武汉,华中,30.6,114.3,32.8,16.5,10.0,3.3,8.3,0.33,8.0,优,8,3,夏季
2024-08-12,武汉,华中,30.6,114.3,65.2,21.3,41.7,4.3,10.6,0.43,33.3,良,8,3,夏季
2024-08-13,武汉,华中,30.6,114.3,70.1,28.6,34.0,5.7,14.3,0.57,27.2,良,8,3,夏季
2024-08-14,武汉,华中,30.6,114.3,91.0,33.4,51.2,6.7,16.7,0.67,41.0,良,8,3,夏季
2024-08-15,武汉,华中,30.6,114.3,108.1,39.7,60.6,7.9,19.9,0.79,48.5,轻度污染,8,3,夏季
2024-08-16,武汉,华中,30.6,114.3,81.4,27.2,50.7,5.4,13.6,0.54,40.6,良,8,3,夏季
2024-08-17,武汉,华中,30.6,114.3,125.6,46.2,70.4,9.2,23.1,0.92,56.3,轻度污染,8,3,夏季
2024-08-18,武汉,华中,30.6,114.3,115.8,33.0,82.8,6.6,16.5,0.66,66.2,轻度污染,8,3,夏季
2024-08-19,武汉,华中,30.6,114.3,65.4,30.9,23.8,6.2,15.5,0.62,19.0,良,8,3,夏季
2024-08-20,武汉,华中,30.6,114.3,56.8,18.5,36.3,3.7,9.3,0.37,29.0,良,8,3,夏季
2024-08-21,武汉,华中,30.6,114.3,29.6,14.0,10.8,2.8,7.0,0.28,8.6,优,8,3,夏季
2024-08-22,武汉,华中,30.6,114.3,100.5,37.1,56.0,7.4,18.6,0.74,44.8,轻度污染,8,3,夏季
2024-08-23,武汉,华中,30.6,114.3,46.6,18.7,23.2,3.7,9.4,0.37,18.6,优,8,3,夏季
2024-08-24,武汉,华中,30.6,114.3,99.6,40.3,49.0,8.1,20.1,0.81,39.2,良,8,3,夏季
2024-08-25,武汉,华中,30.6,114.3,52.5,22.7,23.2,4.5,11.3,0.45,18.6,良,8,3,夏季
2024-08-26,武汉,华中,30.6,114.3,108.4,37.9,64.4,7.6,18.9,0.76,51.5,轻度污染,8,3,夏季
2024-08-27,武汉,华中,30.6,114.3,64.7,26.3,31.6,5.3,13.1,0.53,25.2,良,8,3,夏季
2024-08-28,武汉,华中,30.6,114.3,91.7,34.9,49.2,7.0,17.4,0.7,39.4,良,8,3,夏季
2024-08-29,武汉,华中,30.6,114.3,37.0,19.3,10.0,3.9,9.7,0.39,8.0,优,8,3,夏季
2024-08-30,武汉,华中,30.6,114.3,123.6,49.0,62.6,9.8,24.5,0.98,50.1,轻度污染,8,3,夏季
2024-08-31,武汉,华中,30.6,114.3,81.0,33.5,38.4,6.7,16.8,0.67,30.7,良,8,3,夏季
2024-09-01,武汉,华中,30.6,114.3,187.7,74.3,95.3,14.9,37.1,1.49,76.3,中度污染,9,3,秋季
2024-09-02,武汉,华中,30.6,114.3,126.4,54.1,56.5,10.8,27.1,1.08,45.2,轻度污染,9,3,秋季
2024-09-03,武汉,华中,30.6,114.3,120.4,46.8,62.8,9.4,23.4,0.94,50.2,轻度污染,9,3,秋季
2024-09-04,武汉,华中,30.6,114.3,135.4,51.3,73.2,10.3,25.6,1.03,58.5,轻度污染,9,3,秋季
2024-09-05,武汉,华中,30.6,114.3,115.1,36.0,76.5,7.2,18.0,0.72,61.2,轻度污染,9,3,秋季
2024-09-06,武汉,华中,30.6,114.3,113.0,44.0,58.7,8.8,22.0,0.88,46.9,轻度污染,9,3,秋季
2024-09-07,武汉,华中,30.6,114.3,139.4,51.5,77.7,10.3,25.7,1.03,62.1,轻度污染,9,3,秋季
2024-09-08,武汉,华中,30.6,114.3,126.1,43.6,75.8,8.7,21.8,0.87,60.6,轻度污染,9,3,秋季
2024-09-09,武汉,华中,30.6,114.3,101.3,41.2,49.5,8.2,20.6,0.82,39.6,轻度污染,9,3,秋季
2024-09-10,武汉,华中,30.6,114.3,162.0,59.4,91.2,11.9,29.7,1.19,72.9,中度污染,9,3,秋季
2024-09-11,武汉,华中,30.6,114.3,67.2,33.5,21.2,6.7,16.8,0.67,16.9,良,9,3,秋季
2024-09-12,武汉,华中,30.6,114.3,81.9,27.4,51.0,5.5,13.7,0.55,40.8,良,9,3,秋季
2024-09-13,武汉,华中,30.6,114.3,97.0,30.2,64.5,6.0,15.1,0.6,51.6,良,9,3,秋季
2024-09-14,武汉,华中,30.6,114.3,143.5,51.4,83.0,10.3,25.7,1.03,66.4,轻度污染,9,3,秋季
2024-09-15,武汉,华中,30.6,114.3,93.5,39.1,43.6,7.8,19.6,0.78,34.9,良,9,3,秋季
2024-09-16,武汉,华中,30.6,114.3,142.2,49.0,85.9,9.8,24.5,0.98,68.7,轻度污染,9,3,秋季
2024-09-17,武汉,华中,30.6,114.3,173.2,57.7,108.3,11.5,28.8,1.15,86.7,中度污染,9,3,秋季
2024-09-18,武汉,华中,30.6,114.3,141.1,46.4,89.4,9.3,23.2,0.93,71.5,轻度污染,9,3,秋季
2024-09-19,武汉,华中,30.6,114.3,101.2,38.3,54.7,7.7,19.1,0.77,43.7,轻度污染,9,3,秋季
2024-09-20,武汉,华中,30.6,114.3,113.2,41.5,63.7,8.3,20.8,0.83,50.9,轻度污染,9,3,秋季
2024-09-21,武汉,华中,30.6,114.3,128.9,44.5,77.8,8.9,22.2,0.89,62.2,轻度污染,9,3,秋季
2024-09-22,武汉,华中,30.6,114.3,122.7,46.9,65.5,9.4,23.4,0.94,52.4,轻度污染,9,3,秋季
2024-09-23,武汉,华中,30.6,114.3,164.5,60.0,93.1,12.0,30.0,1.2,74.5,中度污染,9,3,秋季
2024-09-24,武汉,华中,30.6,114.3,135.2,55.4,65.2,11.1,27.7,1.11,52.1,轻度污染,9,3,秋季
2024-09-25,武汉,华中,30.6,114.3,96.7,36.8,51.9,7.4,18.4,0.74,41.5,良,9,3,秋季
2024-09-26,武汉,华中,30.6,114.3,98.9,37.1,54.0,7.4,18.6,0.74,43.2,良,9,3,秋季
2024-09-27,武汉,华中,30.6,114.3,161.8,54.2,100.6,10.8,27.1,1.08,80.5,中度污染,9,3,秋季
2024-09-28,武汉,华中,30.6,114.3,156.8,61.2,81.2,12.2,30.6,1.22,65.0,中度污染,9,3,秋季
2024-09-29,武汉,华中,30.6,114.3,201.4,68.1,124.0,13.6,34.1,1.36,99.2,重度污染,9,3,秋季
2024-09-30,武汉,华中,30.6,114.3,112.0,47.6,50.8,9.5,23.8,0.95,40.6,轻度污染,9,3,秋季
2024-10-01,武汉,华中,30.6,114.3,142.1,48.2,87.2,9.6,24.1,0.96,69.7,轻度污染,10,4,秋季
2024-10-02,武汉,华中,30.6,114.3,125.2,44.0,74.0,8.8,22.0,0.88,59.2,轻度污染,10,4,秋季
2024-10-03,武汉,华中,30.6,114.3,112.8,35.9,73.6,7.2,17.9,0.72,58.9,轻度污染,10,4,秋季
2024-10-04,武汉,华中,30.6,114.3,169.1,61.5,96.1,12.3,30.8,1.23,76.9,中度污染,10,4,秋季
2024-10-05,武汉,华中,30.6,114.3,89.0,34.3,47.0,6.9,17.2,0.69,37.6,良,10,4,秋季
2024-10-06,武汉,华中,30.6,114.3,145.8,51.3,86.1,10.3,25.6,1.03,68.9,轻度污染,10,4,秋季
2024-10-07,武汉,华中,30.6,114.3,27.4,12.9,10.0,2.6,6.5,0.26,8.0,优,10,4,秋季
2024-10-08,武汉,华中,30.6,114.3,198.1,78.7,100.1,15.7,39.3,1.57,80.1,中度污染,10,4,秋季
2024-10-09,武汉,华中,30.6,114.3,128.7,52.7,62.1,10.5,26.3,1.05,49.7,轻度污染,10,4,秋季
2024-10-10,武汉,华中,30.6,114.3,101.5,35.2,60.8,7.0,17.6,0.7,48.6,轻度污染,10,4,秋季
2024-10-11,武汉,华中,30.6,114.3,124.0,48.2,64.7,9.6,24.1,0.96,51.8,轻度污染,10,4,秋季
2024-10-12,武汉,华中,30.6,114.3,123.3,49.6,61.0,9.9,24.8,0.99,48.8,轻度污染,10,4,秋季
2024-10-13,武汉,华中,30.6,114.3,93.2,39.6,42.3,7.9,19.8,0.79,33.9,良,10,4,秋季
2024-10-14,武汉,华中,30.6,114.3,139.8,48.8,83.3,9.8,24.4,0.98,66.7,轻度污染,10,4,秋季
2024-10-15,武汉,华中,30.6,114.3,142.9,55.5,74.5,11.1,27.8,1.11,59.6,轻度污染,10,4,秋季
2024-10-16,武汉,华中,30.6,114.3,157.1,53.9,95.2,10.8,27.0,1.08,76.2,中度污染,10,4,秋季
2024-10-17,武汉,华中,30.6,114.3,63.3,20.2,41.3,4.0,10.1,0.4,33.0,良,10,4,秋季
2024-10-18,武汉,华中,30.6,114.3,172.5,56.8,109.2,11.4,28.4,1.14,87.3,中度污染,10,4,秋季
2024-10-19,武汉,华中,30.6,114.3,112.7,38.5,68.6,7.7,19.3,0.77,54.9,轻度污染,10,4,秋季
2024-10-20,武汉,华中,30.6,114.3,119.5,36.2,81.5,7.2,18.1,0.72,65.2,轻度污染,10,4,秋季
2024-10-21,武汉,华中,30.6,114.3,97.5,40.0,46.9,8.0,20.0,0.8,37.5,良,10,4,秋季
2024-10-22,武汉,华中,30.6,114.3,107.8,42.1,55.8,8.4,21.1,0.84,44.6,轻度污染,10,4,秋季
2024-10-23,武汉,华中,30.6,114.3,103.8,45.6,44.3,9.1,22.8,0.91,35.4,轻度污染,10,4,秋季
2024-10-24,武汉,华中,30.6,114.3,157.4,58.8,86.4,11.8,29.4,1.18,69.1,中度污染,10,4,秋季
2024-10-25,武汉,华中,30.6,114.3,98.1,46.5,35.4,9.3,23.2,0.93,28.4,良,10,4,秋季
2024-10-26,武汉,华中,30.6,114.3,115.7,36.6,75.9,7.3,18.3,0.73,60.7,轻度污染,10,4,秋季
2024-10-27,武汉,华中,30.6,114.3,146.6,59.8,71.2,12.0,29.9,1.2,57.0,轻度污染,10,4,秋季
2024-10-28,武汉,华中,30.6,114.3,134.5,50.6,73.3,10.1,25.3,1.01,58.6,轻度污染,10,4,秋季
2024-10-29,武汉,华中,30.6,114.3,122.7,47.6,64.1,9.5,23.8,0.95,51.3,轻度污染,10,4,秋季
2024-10-30,武汉,华中,30.6,114.3,107.1,35.6,67.1,7.1,17.8,0.71,53.7,轻度污染,10,4,秋季
2024-10-31,武汉,华中,30.6,114.3,89.5,31.2,53.3,6.2,15.6,0.62,42.7,良,10,4,秋季
2024-11-01,武汉,华中,30.6,114.3,167.0,63.0,90.6,12.6,31.5,1.26,72.5,中度污染,11,4,秋季
2024-11-02,武汉,华中,30.6,114.3,141.3,47.4,87.8,9.5,23.7,0.95,70.3,轻度污染,11,4,秋季
2024-11-03,武汉,华中,30.6,114.3,104.8,49.9,37.4,10.0,25.0,1.0,29.9,轻度污染,11,4,秋季
2024-11-04,武汉,华中,30.6,114.3,179.6,61.6,109.0,12.3,30.8,1.23,87.2,中度污染,11,4,秋季
2024-11-05,武汉,华中,30.6,114.3,174.6,58.2,109.2,11.6,29.1,1.16,87.3,中度污染,11,4,秋季
2024-11-06,武汉,华中,30.6,114.3,124.8,49.9,62.4,10.0,25.0,1.0,49.9,轻度污染,11,4,秋季
2024-11-07,武汉,华中,30.6,114.3,131.1,42.8,83.6,8.6,21.4,0.86,66.9,轻度污染,11,4,秋季
2024-11-08,武汉,华中,30.6,114.3,141.8,50.5,82.6,10.1,25.2,1.01,66.1,轻度污染,11,4,秋季
2024-11-09,武汉,华中,30.6,114.3,144.0,43.2,99.0,8.6,21.6,0.86,79.2,轻度污染,11,4,秋季
2024-11-10,武汉,华中,30.6,114.3,122.6,52.5,54.9,10.5,26.2,1.05,43.9,轻度污染,11,4,秋季
2024-11-11,武汉,华中,30.6,114.3,120.3,41.2,73.2,8.2,20.6,0.82,58.5,轻度污染,11,4,秋季
2024-11-12,武汉,华中,30.6,114.3,174.1,61.9,101.7,12.4,30.9,1.24,81.4,中度污染,11,4,秋季
2024-11-13,武汉,华中,30.6,114.3,148.7,55.2,82.4,11.0,27.6,1.1,65.9,轻度污染,11,4,秋季
2024-11-14,武汉,华中,30.6,114.3,158.6,60.6,84.7,12.1,30.3,1.21,67.7,中度污染,11,4,秋季
2024-11-15,武汉,华中,30.6,114.3,88.7,31.8,51.3,6.4,15.9,0.64,41.0,良,11,4,秋季
2024-11-16,武汉,华中,30.6,114.3,120.3,48.0,60.5,9.6,24.0,0.96,48.4,轻度污染,11,4,秋季
2024-11-17,武汉,华中,30.6,114.3,132.7,37.2,96.0,7.4,18.6,0.74,76.8,轻度污染,11,4,秋季
2024-11-18,武汉,华中,30.6,114.3,121.6,40.8,75.5,8.2,20.4,0.82,60.4,轻度污染,11,4,秋季
2024-11-19,武汉,华中,30.6,114.3,164.2,66.6,80.4,13.3,33.3,1.33,64.3,中度污染,11,4,秋季
2024-11-20,武汉,华中,30.6,114.3,132.3,51.0,69.7,10.2,25.5,1.02,55.7,轻度污染,11,4,秋季
2024-11-21,武汉,华中,30.6,114.3,98.7,36.9,54.2,7.4,18.5,0.74,43.3,良,11,4,秋季
2024-11-22,武汉,华中,30.6,114.3,86.8,39.9,33.7,8.0,20.0,0.8,26.9,良,11,4,秋季
2024-11-23,武汉,华中,30.6,114.3,151.6,59.2,78.5,11.8,29.6,1.18,62.8,中度污染,11,4,秋季
2024-11-24,武汉,华中,30.6,114.3,127.2,46.5,71.9,9.3,23.3,0.93,57.5,轻度污染,11,4,秋季
2024-11-25,武汉,华中,30.6,114.3,63.4,25.8,30.8,5.2,12.9,0.52,24.6,良,11,4,秋季
2024-11-26,武汉,华中,30.6,114.3,61.6,21.1,37.5,4.2,10.5,0.42,30.0,良,11,4,秋季
2024-11-27,武汉,华中,30.6,114.3,83.0,31.2,45.3,6.2,15.6,0.62,36.2,良,11,4,秋季
2024-11-28,武汉,华中,30.6,114.3,144.6,52.0,83.3,10.4,26.0,1.04,66.7,轻度污染,11,4,秋季
2024-11-29,武汉,华中,30.6,114.3,185.4,70.2,100.1,14.0,35.1,1.4,80.1,中度污染,11,4,秋季
2024-11-30,武汉,华中,30.6,114.3,116.1,39.9,70.4,8.0,19.9,0.8,56.3,轻度污染,11,4,秋季
2024-12-01,武汉,华中,30.6,114.3,151.7,58.5,79.9,11.7,29.3,1.17,63.9,中度污染,12,4,冬季
2024-12-02,武汉,华中,30.6,114.3,215.2,77.8,123.0,15.6,38.9,1.56,98.4,重度污染,12,4,冬季
2024-12-03,武汉,华中,30.6,114.3,227.2,78.5,136.9,15.7,39.2,1.57,109.5,重度污染,12,4,冬季
2024-12-04,武汉,华中,30.6,114.3,108.8,52.0,38.4,10.4,26.0,1.04,30.7,轻度污染,12,4,冬季
2024-12-05,武汉,华中,30.6,114.3,147.1,50.9,88.5,10.2,25.4,1.02,70.8,轻度污染,12,4,冬季
2024-12-06,武汉,华中,30.6,114.3,178.4,66.2,98.9,13.2,33.1,1.32,79.1,中度污染,12,4,冬季
2024-12-07,武汉,华中,30.6,114.3,156.2,54.2,93.5,10.8,27.1,1.08,74.8,中度污染,12,4,冬季
2024-12-08,武汉,华中,30.6,114.3,172.8,64.4,95.2,12.9,32.2,1.29,76.2,中度污染,12,4,冬季
2024-12-09,武汉,华中,30.6,114.3,189.6,68.0,109.5,13.6,34.0,1.36,87.6,中度污染,12,4,冬季
2024-12-10,武汉,华中,30.6,114.3,105.1,32.9,69.7,6.6,16.4,0.66,55.8,轻度污染,12,4,冬季
2024-12-11,武汉,华中,30.6,114.3,166.1,57.1,100.6,11.4,28.5,1.14,80.5,中度污染,12,4,冬季
2024-12-12,武汉,华中,30.6,114.3,180.2,67.5,98.6,13.5,33.8,1.35,78.9,中度污染,12,4,冬季
2024-12-13,武汉,华中,30.6,114.3,159.4,60.3,86.1,12.1,30.2,1.21,68.9,中度污染,12,4,冬季
2024-12-14,武汉,华中,30.6,114.3,119.5,50.2,55.2,10.0,25.1,1.0,44.2,轻度污染,12,4,冬季
2024-12-15,武汉,华中,30.6,114.3,122.0,49.2,60.4,9.8,24.6,0.98,48.3,轻度污染,12,4,冬季
2024-12-16,武汉,华中,30.6,114.3,239.6,84.3,141.4,16.9,42.2,1.69,113.1,重度污染,12,4,冬季
2024-12-17,武汉,华中,30.6,114.3,131.9,51.0,69.2,10.2,25.5,1.02,55.3,轻度污染,12,4,冬季
2024-12-18,武汉,华中,30.6,114.3,191.5,64.7,118.0,12.9,32.4,1.29,94.4,中度污染,12,4,冬季
2024-12-19,武汉,华中,30.6,114.3,159.1,62.9,81.0,12.6,31.4,1.26,64.8,中度污染,12,4,冬季
2024-12-20,武汉,华中,30.6,114.3,152.5,68.8,61.7,13.8,34.4,1.38,49.3,中度污染,12,4,冬季
2024-12-21,武汉,华中,30.6,114.3,150.7,57.2,81.0,11.4,28.6,1.14,64.8,中度污染,12,4,冬季
2024-12-22,武汉,华中,30.6,114.3,165.4,63.5,87.7,12.7,31.8,1.27,70.2,中度污染,12,4,冬季
2024-12-23,武汉,华中,30.6,114.3,173.3,65.8,93.2,13.2,32.9,1.32,74.6,中度污染,12,4,冬季
2024-12-24,武汉,华中,30.6,114.3,199.6,78.3,102.6,15.7,39.2,1.57,82.1,中度污染,12,4,冬季
2024-12-25,武汉,华中,30.6,114.3,237.6,79.4,148.1,15.9,39.7,1.59,118.5,重度污染,12,4,冬季
2024-12-26,武汉,华中,30.6,114.3,158.0,56.7,91.2,11.3,28.3,1.13,73.0,中度污染,12,4,冬季
2024-12-27,武汉,华中,30.6,114.3,207.1,77.7,113.3,15.5,38.8,1.55,90.6,重度污染,12,4,冬季
2024-12-28,武汉,华中,30.6,114.3,158.8,67.9,71.3,13.6,33.9,1.36,57.0,中度污染,12,4,冬季
2024-12-29,武汉,华中,30.6,114.3,183.4,69.9,98.1,14.0,35.0,1.4,78.5,中度污染,12,4,冬季
2024-12-30,武汉,华中,30.6,114.3,126.8,46.0,72.2,9.2,23.0,0.92,57.8,轻度污染,12,4,冬季
2024-12-31,武汉,华中,30.6,114.3,165.1,63.0,88.3,12.6,31.5,1.26,70.6,中度污染,12,4,冬季
2024-01-01,杭州,华东,30.3,120.2,106.7,44.8,49.4,9.0,22.4,0.9,39.5,轻度污染,1,1,冬季
2024-01-02,杭州,华东,30.3,120.2,131.0,52.8,64.7,10.6,26.4,1.06,51.8,轻度污染,1,1,冬季
2024-01-03,杭州,华东,30.3,120.2,142.2,57.1,70.7,11.4,28.6,1.14,56.5,轻度污染,1,1,冬季
2024-01-04,杭州,华东,30.3,120.2,148.5,51.2,89.7,10.2,25.6,1.02,71.8,轻度污染,1,1,冬季
2024-01-05,杭州,华东,30.3,120.2,165.0,62.1,89.9,12.4,31.0,1.24,71.9,中度污染,1,1,冬季
2024-01-06,杭州,华东,30.3,120.2,202.6,67.1,127.5,13.4,33.5,1.34,102.0,重度污染,1,1,冬季
2024-01-07,杭州,华东,30.3,120.2,169.3,62.4,94.6,12.5,31.2,1.25,75.7,中度污染,1,1,冬季
2024-01-08,杭州,华东,30.3,120.2,192.8,69.3,111.2,13.9,34.6,1.39,88.9,中度污染,1,1,冬季
2024-01-09,杭州,华东,30.3,120.2,198.7,71.3,114.7,14.3,35.6,1.43,91.8,中度污染,1,1,冬季
2024-01-10,杭州,华东,30.3,120.2,223.3,74.8,138.8,15.0,37.4,1.5,111.0,重度污染,1,1,冬季
2024-01-11,杭州,华东,30.3,120.2,157.2,56.8,90.0,11.4,28.4,1.14,72.0,中度污染,1,1,冬季
2024-01-12,杭州,华东,30.3,120.2,117.5,55.4,43.0,11.1,27.7,1.11,34.4,轻度污染,1,1,冬季
2024-01-13,杭州,华东,30.3,120.2,193.9,77.6,96.8,15.5,38.8,1.55,77.5,中度污染,1,1,冬季
2024-01-14,杭州,华东,30.3,120.2,213.9,77.1,122.9,15.4,38.5,1.54,98.3,重度污染,1,1,冬季
2024-01-15,杭州,华东,30.3,120.2,132.9,46.7,78.5,9.3,23.4,0.93,62.8,轻度污染,1,1,冬季
2024-01-16,杭州,华东,30.3,120.2,148.8,52.7,87.3,10.5,26.3,1.05,69.8,轻度污染,1,1,冬季
2024-01-17,杭州,华东,30.3,120.2,166.4,59.3,96.7,11.9,29.7,1.19,77.4,中度污染,1,1,冬季
2024-01-18,杭州,华东,30.3,120.2,171.0,56.6,107.6,11.3,28.3,1.13,86.1,中度污染,1,1,冬季
2024-01-19,杭州,华东,30.3,120.2,114.3,46.5,55.6,9.3,23.3,0.93,44.5,轻度污染,1,1,冬季
2024-01-20,杭州,华东,30.3,120.2,107.0,43.0,53.2,8.6,21.5,0.86,42.5,轻度污染,1,1,冬季
2024-01-21,杭州,华东,30.3,120.2,177.6,62.6,104.6,12.5,31.3,1.25,83.6,中度污染,1,1,冬季
2024-01-22,杭州,华东,30.3,120.2,191.7,64.9,118.0,13.0,32.4,1.3,94.4,中度污染,1,1,冬季
2024-01-23,杭州,华东,30.3,120.2,197.6,69.9,115.8,14.0,35.0,1.4,92.7,中度污染,1,1,冬季
2024-01-24,杭州,华东,30.3,120.2,170.4,70.9,80.0,14.2,35.4,1.42,64.0,中度污染,1,1,冬季
2024-01-25,杭州,华东,30.3,120.2,227.1,75.0,143.3,15.0,37.5,1.5,114.7,重度污染,1,1,冬季
2024-01-26,杭州,华东,30.3,120.2,176.0,64.0,100.0,12.8,32.0,1.28,80.0,中度污染,1,1,冬季
2024-01-27,杭州,华东,30.3,120.2,125.8,48.0,67.3,9.6,24.0,0.96,53.8,轻度污染,1,1,冬季
2024-01-28,杭州,华东,30.3,120.2,237.1,79.9,146.5,16.0,40.0,1.6,117.2,重度污染,1,1,冬季
2024-01-29,杭州,华东,30.3,120.2,146.6,52.1,85.6,10.4,26.0,1.04,68.5,轻度污染,1,1,冬季
2024-01-30,杭州,华东,30.3,120.2,127.5,52.7,60.4,10.5,26.4,1.05,48.4,轻度污染,1,1,冬季
2024-01-31,杭州,华东,30.3,120.2,108.5,39.3,61.9,7.9,19.7,0.79,49.5,轻度污染,1,1,冬季
2024-02-01,杭州,华东,30.3,120.2,82.6,35.9,35.9,7.2,18.0,0.72,28.7,良,2,1,冬季
2024-02-02,杭州,华东,30.3,120.2,125.0,45.4,71.0,9.1,22.7,0.91,56.8,轻度污染,2,1,冬季
2024-02-03,杭州,华东,30.3,120.2,94.5,36.4,49.9,7.3,18.2,0.73,39.9,良,2,1,冬季
2024-02-04,杭州,华东,30.3,120.2,86.3,32.1,47.7,6.4,16.1,0.64,38.1,良,2,1,冬季
2024-02-05,杭州,华东,30.3,120.2,141.2,54.7,74.0,10.9,27.3,1.09,59.2,轻度污染,2,1,冬季
2024-02-06,杭州,华东,30.3,120.2,149.4,57.6,78.6,11.5,28.8,1.15,62.9,轻度污染,2,1,冬季
2024-02-07,杭州,华东,30.3,120.2,192.8,69.2,111.2,13.8,34.6,1.38,89.0,中度污染,2,1,冬季
2024-02-08,杭州,华东,30.3,120.2,184.5,70.3,98.7,14.1,35.2,1.41,79.0,中度污染,2,1,冬季
2024-02-09,杭州,华东,30.3,120.2,179.5,70.5,92.2,14.1,35.2,1.41,73.7,中度污染,2,1,冬季
2024-02-10,杭州,华东,30.3,120.2,137.4,54.6,69.4,10.9,27.3,1.09,55.5,轻度污染,2,1,冬季
2024-02-11,杭州,华东,30.3,120.2,206.1,73.4,120.0,14.7,36.7,1.47,96.0,重度污染,2,1,冬季
2024-02-12,杭州,华东,30.3,120.2,158.4,53.7,97.3,10.7,26.9,1.07,77.9,中度污染,2,1,冬季
2024-02-13,杭州,华东,30.3,120.2,203.0,78.8,106.0,15.8,39.4,1.58,84.8,重度污染,2,1,冬季
2024-02-14,杭州,华东,30.3,120.2,145.7,52.6,83.5,10.5,26.3,1.05,66.8,轻度污染,2,1,冬季
2024-02-15,杭州,华东,30.3,120.2,59.9,25.3,27.5,5.1,12.7,0.51,22.0,良,2,1,冬季
2024-02-16,杭州,华东,30.3,120.2,138.3,58.3,63.5,11.7,29.2,1.17,50.8,轻度污染,2,1,冬季
2024-02-17,杭州,华东,30.3,120.2,136.0,55.5,66.0,11.1,27.7,1.11,52.8,轻度污染,2,1,冬季
2024-02-18,杭州,华东,30.3,120.2,136.6,48.3,80.2,9.7,24.1,0.97,64.2,轻度污染,2,1,冬季
2024-02-19,杭州,华东,30.3,120.2,161.0,63.4,82.4,12.7,31.7,1.27,65.9,中度污染,2,1,冬季
2024-02-20,杭州,华东,30.3,120.2,93.3,36.7,47.8,7.3,18.3,0.73,38.2,良,2,1,冬季
2024-02-21,杭州,华东,30.3,120.2,31.6,15.7,10.0,3.1,7.9,0.31,8.0,优,2,1,冬季
2024-02-22,杭州,华东,30.3,120.2,99.5,37.7,53.6,7.5,18.9,0.75,42.9,良,2,1,冬季
2024-02-23,杭州,华东,30.3,120.2,152.2,52.6,91.7,10.5,26.3,1.05,73.3,中度污染,2,1,冬季
2024-02-24,杭州,华东,30.3,120.2,155.8,59.1,84.0,11.8,29.5,1.18,67.2,中度污染,2,1,冬季
2024-02-25,杭州,华东,30.3,120.2,165.5,62.1,90.4,12.4,31.0,1.24,72.3,中度污染,2,1,冬季
2024-02-26,杭州,华东,30.3,120.2,180.3,69.4,95.2,13.9,34.7,1.39,76.2,中度污染,2,1,冬季
2024-02-27,杭州,华东,30.3,120.2,129.7,50.9,66.6,10.2,25.5,1.02,53.3,轻度污染,2,1,冬季
2024-02-28,杭州,华东,30.3,120.2,138.8,51.8,76.3,10.4,25.9,1.04,61.0,轻度污染,2,1,冬季
2024-02-29,杭州,华东,30.3,120.2,122.9,37.5,83.3,7.5,18.7,0.75,66.7,轻度污染,2,1,冬季
2024-03-01,杭州,华东,30.3,120.2,110.7,40.9,61.7,8.2,20.4,0.82,49.4,轻度污染,3,1,春季
2024-03-02,杭州,华东,30.3,120.2,230.2,77.3,142.8,15.5,38.7,1.55,114.2,重度污染,3,1,春季
2024-03-03,杭州,华东,30.3,120.2,150.9,55.8,84.0,11.2,27.9,1.12,67.2,中度污染,3,1,春季
2024-03-04,杭州,华东,30.3,120.2,168.3,58.3,101.0,11.7,29.2,1.17,80.8,中度污染,3,1,春季
2024-03-05,杭州,华东,30.3,120.2,119.6,40.0,74.5,8.0,20.0,0.8,59.6,轻度污染,3,1,春季
2024-03-06,杭州,华东,30.3,120.2,116.8,43.3,64.8,8.7,21.6,0.87,51.9,轻度污染,3,1,春季
2024-03-07,杭州,华东,30.3,120.2,132.1,47.9,75.2,9.6,24.0,0.96,60.2,轻度污染,3,1,春季
2024-03-08,杭州,华东,30.3,120.2,112.3,38.6,67.9,7.7,19.3,0.77,54.3,轻度污染,3,1,春季
2024-03-09,杭州,华东,30.3,120.2,142.8,56.2,73.2,11.2,28.1,1.12,58.6,轻度污染,3,1,春季
2024-03-10,杭州,华东,30.3,120.2,176.6,65.3,98.4,13.1,32.6,1.31,78.8,中度污染,3,1,春季
2024-03-11,杭州,华东,30.3,120.2,152.7,49.8,97.4,10.0,24.9,1.0,77.9,中度污染,3,1,春季
2024-03-12,杭州,华东,30.3,120.2,147.6,58.8,74.2,11.8,29.4,1.18,59.4,轻度污染,3,1,春季
2024-03-13,杭州,华东,30.3,120.2,146.9,54.3,81.8,10.9,27.2,1.09,65.5,轻度污染,3,1,春季
2024-03-14,杭州,华东,30.3,120.2,168.7,61.4,95.8,12.3,30.7,1.23,76.7,中度污染,3,1,春季
2024-03-15,杭州,华东,30.3,120.2,130.1,44.2,79.9,8.8,22.1,0.88,63.9,轻度污染,3,1,春季
2024-03-16,杭州,华东,30.3,120.2,153.1,65.2,69.1,13.0,32.6,1.3,55.3,中度污染,3,1,春季
2024-03-17,杭州,华东,30.3,120.2,143.3,52.4,80.9,10.5,26.2,1.05,64.7,轻度污染,3,1,春季
2024-03-18,杭州,华东,30.3,120.2,104.6,37.2,61.0,7.4,18.6,0.74,48.8,轻度污染,3,1,春季
2024-03-19,杭州,华东,30.3,120.2,129.5,43.3,80.7,8.7,21.6,0.87,64.6,轻度污染,3,1,春季
2024-03-20,杭州,华东,30.3,120.2,112.5,48.7,49.3,9.7,24.3,0.97,39.5,轻度污染,3,1,春季
2024-03-21,杭州,华东,30.3,120.2,168.4,65.0,88.7,13.0,32.5,1.3,71.0,中度污染,3,1,春季
2024-03-22,杭州,华东,30.3,120.2,155.7,62.6,77.3,12.5,31.3,1.25,61.8,中度污染,3,1,春季
2024-03-23,杭州,华东,30.3,120.2,116.2,42.0,66.6,8.4,21.0,0.84,53.3,轻度污染,3,1,春季
2024-03-24,杭州,华东,30.3,120.2,141.1,51.0,80.7,10.2,25.5,1.02,64.6,轻度污染,3,1,春季
2024-03-25,杭州,华东,30.3,120.2,91.2,43.2,33.0,8.6,21.6,0.86,26.4,良,3,1,春季
2024-03-26,杭州,华东,30.3,120.2,154.5,50.6,98.2,10.1,25.3,1.01,78.6,中度污染,3,1,春季
2024-03-27,杭州,华东,30.3,120.2,112.0,44.1,57.3,8.8,22.1,0.88,45.8,轻度污染,3,1,春季
2024-03-28,杭州,华东,30.3,120.2,97.8,35.4,55.9,7.1,17.7,0.71,44.7,良,3,1,春季
2024-03-29,杭州,华东,30.3,120.2,103.3,37.9,58.0,7.6,19.0,0.76,46.4,轻度污染,3,1,春季
2024-03-30,杭州,华东,30.3,120.2,118.2,42.6,67.9,8.5,21.3,0.85,54.3,轻度污染,3,1,春季
2024-03-31,杭州,华东,30.3,120.2,107.8,40.1,59.6,8.0,20.0,0.8,47.7,轻度污染,3,1,春季
2024-04-01,杭州,华东,30.3,120.2,156.5,57.2,88.4,11.4,28.6,1.14,70.7,中度污染,4,2,春季
2024-04-02,杭州,华东,30.3,120.2,28.9,13.9,10.0,2.8,7.0,0.28,8.0,优,4,2,春季
2024-04-03,杭州,华东,30.3,120.2,69.7,23.8,42.6,4.8,11.9,0.48,34.0,良,4,2,春季
2024-04-04,杭州,华东,30.3,120.2,100.2,39.5,51.3,7.9,19.7,0.79,41.0,轻度污染,4,2,春季
2024-04-05,杭州,华东,30.3,120.2,94.6,39.2,44.8,7.8,19.6,0.78,35.8,良,4,2,春季
2024-04-06,杭州,华东,30.3,120.2,137.7,51.4,75.7,10.3,25.7,1.03,60.6,轻度污染,4,2,春季
2024-04-07,杭州,华东,30.3,120.2,50.1,28.1,10.0,5.6,14.0,0.56,8.0,良,4,2,春季
2024-04-08,杭州,华东,30.3,120.2,65.9,24.2,37.0,4.8,12.1,0.48,29.6,良,4,2,春季
2024-04-09,杭州,华东,30.3,120.2,187.7,67.9,107.4,13.6,34.0,1.36,85.9,中度污染,4,2,春季
2024-04-10,杭州,华东,30.3,120.2,145.0,51.0,85.6,10.2,25.5,1.02,68.5,轻度污染,4,2,春季
2024-04-11,杭州,华东,30.3,120.2,68.6,29.6,30.2,5.9,14.8,0.59,24.2,良,4,2,春季
2024-04-12,杭州,华东,30.3,120.2,64.7,26.6,30.9,5.3,13.3,0.53,24.7,良,4,2,春季
2024-04-13,杭州,华东,30.3,120.2,115.8,45.7,59.1,9.1,22.8,0.91,47.3,轻度污染,4,2,春季
2024-04-14,杭州,华东,30.3,120.2,42.5,12.9,28.9,2.6,6.4,0.26,23.1,优,4,2,春季
2024-04-15,杭州,华东,30.3,120.2,105.2,44.5,48.1,8.9,22.2,0.89,38.5,轻度污染,4,2,春季
2024-04-16,杭州,华东,30.3,120.2,94.8,27.8,66.3,5.6,13.9,0.56,53.0,良,4,2,春季
2024-04-17,杭州,华东,30.3,120.2,88.5,31.3,51.9,6.3,15.7,0.63,41.5,良,4,2,春季
2024-04-18,杭州,华东,30.3,120.2,129.5,48.8,70.5,9.8,24.4,0.98,56.4,轻度污染,4,2,春季
2024-04-19,杭州,华东,30.3,120.2,123.6,42.7,74.4,8.5,21.4,0.85,59.5,轻度污染,4,2,春季
2024-04-20,杭州,华东,30.3,120.2,38.9,15.1,20.3,3.0,7.6,0.3,16.2,优,4,2,春季
2024-04-21,杭州,华东,30.3,120.2,62.3,23.0,34.8,4.6,11.5,0.46,27.9,良,4,2,春季
2024-04-22,杭州,华东,30.3,120.2,92.3,32.6,54.2,6.5,16.3,0.65,43.4,良,4,2,春季
2024-04-23,杭州,华东,30.3,120.2,43.6,22.5,12.2,4.5,11.3,0.45,9.7,优,4,2,春季
2024-04-24,杭州,华东,30.3,120.2,198.1,68.2,119.7,13.6,34.1,1.36,95.8,中度污染,4,2,春季
2024-04-25,杭州,华东,30.3,120.2,15.5,5.0,10.0,1.0,2.5,0.1,8.0,优,4,2,春季
2024-04-26,杭州,华东,30.3,120.2,112.6,41.0,63.8,8.2,20.5,0.82,51.0,轻度污染,4,2,春季
2024-04-27,杭州,华东,30.3,120.2,208.9,75.4,119.7,15.1,37.7,1.51,95.8,重度污染,4,2,春季
2024-04-28,杭州,华东,30.3,120.2,69.6,28.0,34.4,5.6,14.0,0.56,27.5,良,4,2,春季
2024-04-29,杭州,华东,30.3,120.2,165.1,57.5,98.5,11.5,28.8,1.15,78.8,中度污染,4,2,春季
2024-04-30,杭州,华东,30.3,120.2,112.8,40.2,65.8,8.0,20.1,0.8,52.6,轻度污染,4,2,春季
2024-05-01,杭州,华东,30.3,120.2,130.6,48.6,72.1,9.7,24.3,0.97,57.7,轻度污染,5,2,春季
2024-05-02,杭州,华东,30.3,120.2,154.2,61.5,77.4,12.3,30.8,1.23,61.9,中度污染,5,2,春季
2024-05-03,杭州,华东,30.3,120.2,145.3,50.1,87.6,10.0,25.1,1.0,70.1,轻度污染,5,2,春季
2024-05-04,杭州,华东,30.3,120.2,29.2,14.2,10.0,2.8,7.1,0.28,8.0,优,5,2,春季
2024-05-05,杭州,华东,30.3,120.2,62.1,16.3,47.0,3.3,8.2,0.33,37.6,良,5,2,春季
2024-05-06,杭州,华东,30.3,120.2,102.1,41.4,50.0,8.3,20.7,0.83,40.0,轻度污染,5,2,春季
2024-05-07,杭州,华东,30.3,120.2,124.3,40.1,80.1,8.0,20.1,0.8,64.1,轻度污染,5,2,春季
2024-05-08,杭州,华东,30.3,120.2,126.7,40.8,81.9,8.2,20.4,0.82,65.5,轻度污染,5,2,春季
2024-05-09,杭州,华东,30.3,120.2,112.3,46.4,53.4,9.3,23.2,0.93,42.7,轻度污染,5,2,春季
2024-05-10,杭州,华东,30.3,120.2,108.7,39.6,61.7,7.9,19.8,0.79,49.3,轻度污染,5,2,春季
2024-05-11,杭州,华东,30.3,120.2,88.2,33.9,46.6,6.8,17.0,0.68,37.3,良,5,2,春季
2024-05-12,杭州,华东,30.3,120.2,101.7,47.2,38.6,9.4,23.6,0.94,30.9,轻度污染,5,2,春季
2024-05-13,杭州,华东,30.3,120.2,133.9,52.2,69.5,10.4,26.1,1.04,55.6,轻度污染,5,2,春季
2024-05-14,杭州,华东,30.3,120.2,160.4,58.9,90.2,11.8,29.4,1.18,72.1,中度污染,5,2,春季
2024-05-15,杭州,华东,30.3,120.2,109.5,38.9,64.0,7.8,19.5,0.78,51.2,轻度污染,5,2,春季
2024-05-16,杭州,华东,30.3,120.2,163.3,60.1,91.4,12.0,30.0,1.2,73.1,中度污染,5,2,春季
2024-05-17,杭州,华东,30.3,120.2,171.8,64.6,93.6,12.9,32.3,1.29,74.9,中度污染,5,2,春季
2024-05-18,杭州,华东,30.3,120.2,139.4,58.2,65.2,11.6,29.1,1.16,52.2,轻度污染,5,2,春季
2024-05-19,杭州,华东,30.3,120.2,123.1,52.3,55.8,10.5,26.2,1.05,44.6,轻度污染,5,2,春季
2024-05-20,杭州,华东,30.3,120.2,161.1,61.8,85.5,12.4,30.9,1.24,68.4,中度污染,5,2,春季
2024-05-21,杭州,华东,30.3,120.2,138.8,49.7,80.3,9.9,24.9,0.99,64.3,轻度污染,5,2,春季
2024-05-22,杭州,华东,30.3,120.2,108.4,39.9,60.7,8.0,20.0,0.8,48.5,轻度污染,5,2,春季
2024-05-23,杭州,华东,30.3,120.2,171.9,63.0,96.8,12.6,31.5,1.26,77.4,中度污染,5,2,春季
2024-05-24,杭州,华东,30.3,120.2,144.5,51.4,84.3,10.3,25.7,1.03,67.4,轻度污染,5,2,春季
2024-05-25,杭州,华东,30.3,120.2,123.0,44.3,70.7,8.9,22.1,0.89,56.6,轻度污染,5,2,春季
2024-05-26,杭州,华东,30.3,120.2,67.0,28.3,30.7,5.7,14.2,0.57,24.5,良,5,2,春季
2024-05-27,杭州,华东,30.3,120.2,120.3,38.8,77.6,7.8,19.4,0.78,62.1,轻度污染,5,2,春季
2024-05-28,杭州,华东,30.3,120.2,102.6,38.0,57.1,7.6,19.0,0.76,45.7,轻度污染,5,2,春季
2024-05-29,杭州,华东,30.3,120.2,157.4,48.2,106.3,9.6,24.1,0.96,85.1,中度污染,5,2,春季
2024-05-30,杭州,华东,30.3,120.2,87.9,36.5,41.4,7.3,18.2,0.73,33.1,良,5,2,春季
2024-05-31,杭州,华东,30.3,120.2,61.1,23.8,31.8,4.8,11.9,0.48,25.4,良,5,2,春季
2024-06-01,杭州,华东,30.3,120.2,68.9,35.5,19.6,7.1,17.8,0.71,15.7,良,6,2,夏季
2024-06-02,杭州,华东,30.3,120.2,108.1,43.5,53.6,8.7,21.7,0.87,42.8,轻度污染,6,2,夏季
2024-06-03,杭州,华东,30.3,120.2,150.0,51.7,90.6,10.3,25.8,1.03,72.5,中度污染,6,2,夏季
2024-06-04,杭州,华东,30.3,120.2,107.4,38.8,61.5,7.8,19.4,0.78,49.2,轻度污染,6,2,夏季
2024-06-05,杭州,华东,30.3,120.2,44.3,17.8,22.0,3.6,8.9,0.36,17.6,优,6,2,夏季
2024-06-06,杭州,华东,30.3,120.2,108.4,31.9,75.7,6.4,16.0,0.64,60.5,轻度污染,6,2,夏季
2024-06-07,杭州,华东,30.3,120.2,91.8,37.0,45.4,7.4,18.5,0.74,36.4,良,6,2,夏季
2024-06-08,杭州,华东,30.3,120.2,52.9,19.4,29.8,3.9,9.7,0.39,23.8,良,6,2,夏季
2024-06-09,杭州,华东,30.3,120.2,88.5,37.5,40.3,7.5,18.8,0.75,32.2,良,6,2,夏季
2024-06-10,杭州,华东,30.3,120.2,79.7,32.1,39.4,6.4,16.1,0.64,31.5,良,6,2,夏季
2024-06-11,杭州,华东,30.3,120.2,21.9,9.3,10.0,1.9,4.6,0.19,8.0,优,6,2,夏季
2024-06-12,杭州,华东,30.3,120.2,117.7,55.9,42.3,11.2,28.0,1.12,33.8,轻度污染,6,2,夏季
2024-06-13,杭州,华东,30.3,120.2,134.6,48.6,77.1,9.7,24.3,0.97,61.7,轻度污染,6,2,夏季
2024-06-14,杭州,华东,30.3,120.2,89.4,36.0,44.3,7.2,18.0,0.72,35.4,良,6,2,夏季
2024-06-15,杭州,华东,30.3,120.2,150.1,48.4,96.9,9.7,24.2,0.97,77.5,中度污染,6,2,夏季
2024-06-16,杭州,华东,30.3,120.2,81.7,31.9,42.4,6.4,15.9,0.64,33.9,良,6,2,夏季
2024-06-17,杭州,华东,30.3,120.2,77.1,29.4,41.2,5.9,14.7,0.59,33.0,良,6,2,夏季
2024-06-18,杭州,华东,30.3,120.2,41.7,15.0,24.0,3.0,7.5,0.3,19.2,优,6,2,夏季
2024-06-19,杭州,华东,30.3,120.2,15.5,5.0,10.0,1.0,2.5,0.1,8.0,优,6,2,夏季
2024-06-20,杭州,华东,30.3,120.2,96.0,32.3,59.5,6.5,16.1,0.65,47.6,良,6,2,夏季
2024-06-21,杭州,华东,30.3,120.2,64.6,30.2,24.0,6.0,15.1,0.6,19.2,良,6,2,夏季
2024-06-22,杭州,华东,30.3,120.2,106.1,36.2,64.8,7.2,18.1,0.72,51.8,轻度污染,6,2,夏季
2024-06-23,杭州,华东,30.3,120.2,22.1,9.4,10.0,1.9,4.7,0.19,8.0,优,6,2,夏季
2024-06-24,杭州,华东,30.3,120.2,61.2,14.3,49.8,2.9,7.1,0.29,39.8,良,6,2,夏季
2024-06-25,杭州,华东,30.3,120.2,43.3,23.6,10.0,4.7,11.8,0.47,8.0,优,6,2,夏季
2024-06-26,杭州,华东,30.3,120.2,79.1,21.3,59.0,4.3,10.6,0.43,47.2,良,6,2,夏季
2024-06-27,杭州,华东,30.3,120.2,21.5,8.5,10.9,1.7,4.2,0.17,8.7,优,6,2,夏季
2024-06-28,杭州,华东,30.3,120.2,67.7,22.3,42.8,4.5,11.2,0.45,34.2,良,6,2,夏季
2024-06-29,杭州,华东,30.3,120.2,79.0,21.6,58.2,4.3,10.8,0.43,46.6,良,6,2,夏季
2024-06-30,杭州,华东,30.3,120.2,55.0,19.3,32.5,3.9,9.6,0.39,26.0,良,6,2,夏季
2024-07-01,杭州,华东,30.3,120.2,37.5,15.8,17.2,3.2,7.9,0.32,13.7,优,7,3,夏季
2024-07-02,杭州,华东,30.3,120.2,83.8,26.5,55.1,5.3,13.2,0.53,44.1,良,7,3,夏季
2024-07-03,杭州,华东,30.3,120.2,22.4,9.3,10.5,1.9,4.7,0.19,8.4,优,7,3,夏季
2024-07-04,杭州,华东,30.3,120.2,112.7,41.1,63.8,8.2,20.5,0.82,51.0,轻度污染,7,3,夏季
2024-07-05,杭州,华东,30.3,120.2,103.0,44.1,46.1,8.8,22.1,0.88,36.9,轻度污染,7,3,夏季
2024-07-06,杭州,华东,30.3,120.2,82.1,23.8,58.0,4.8,11.9,0.48,46.4,良,7,3,夏季
2024-07-07,杭州,华东,30.3,120.2,117.9,39.6,73.2,7.9,19.8,0.79,58.6,轻度污染,7,3,夏季
2024-07-08,杭州,华东,30.3,120.2,111.0,40.6,62.7,8.1,20.3,0.81,50.1,轻度污染,7,3,夏季
2024-07-09,杭州,华东,30.3,120.2,81.0,36.9,32.1,7.4,18.4,0.74,25.7,良,7,3,夏季
2024-07-10,杭州,华东,30.3,120.2,34.5,17.7,10.0,3.5,8.8,0.35,8.0,优,7,3,夏季
2024-07-11,杭州,华东,30.3,120.2,75.0,27.2,42.7,5.4,13.6,0.54,34.1,良,7,3,夏季
2024-07-12,杭州,华东,30.3,120.2,30.0,14.7,10.0,2.9,7.3,0.29,8.0,优,7,3,夏季
2024-07-13,杭州,华东,30.3,120.2,92.5,30.5,58.5,6.1,15.2,0.61,46.8,良,7,3,夏季
2024-07-14,杭州,华东,30.3,120.2,57.6,24.1,26.8,4.8,12.0,0.48,21.4,良,7,3,夏季
2024-07-15,杭州,华东,30.3,120.2,101.9,41.3,49.9,8.3,20.7,0.83,40.0,轻度污染,7,3,夏季
2024-07-16,杭州,华东,30.3,120.2,86.3,31.3,49.2,6.3,15.6,0.63,39.4,良,7,3,夏季
2024-07-17,杭州,华东,30.3,120.2,84.8,31.3,47.3,6.3,15.6,0.63,37.8,良,7,3,夏季
2024-07-18,杭州,华东,30.3,120.2,79.7,26.0,50.9,5.2,13.0,0.52,40.8,良,7,3,夏季
2024-07-19,杭州,华东,30.3,120.2,127.7,47.5,70.5,9.5,23.8,0.95,56.4,轻度污染,7,3,夏季
2024-07-20,杭州,华东,30.3,120.2,114.3,41.8,64.5,8.4,20.9,0.84,51.6,轻度污染,7,3,夏季
2024-07-21,杭州,华东,30.3,120.2,128.3,52.0,62.9,10.4,26.0,1.04,50.3,轻度污染,7,3,夏季
2024-07-22,杭州,华东,30.3,120.2,76.4,25.2,48.3,5.0,12.6,0.5,38.6,良,7,3,夏季
2024-07-23,杭州,华东,30.3,120.2,136.2,45.1,85.7,9.0,22.6,0.9,68.5,轻度污染,7,3,夏季
2024-07-24,杭州,华东,30.3,120.2,55.1,17.9,35.3,3.6,9.0,0.36,28.3,良,7,3,夏季
2024-07-25,杭州,华东,30.3,120.2,77.4,32.0,36.7,6.4,16.0,0.64,29.3,良,7,3,夏季
2024-07-26,杭州,华东,30.3,120.2,15.5,5.0,10.0,1.0,2.5,0.1,8.0,优,7,3,夏季
2024-07-27,杭州,华东,30.3,120.2,82.5,37.6,32.6,7.5,18.8,0.75,26.1,良,7,3,夏季
2024-07-28,杭州,华东,30.3,120.2,100.0,31.8,65.4,6.4,15.9,0.64,52.4,轻度污染,7,3,夏季
2024-07-29,杭州,华东,30.3,120.2,131.6,39.0,91.4,7.8,19.5,0.78,73.1,轻度污染,7,3,夏季
2024-07-30,杭州,华东,30.3,120.2,124.7,34.3,91.6,6.9,17.1,0.69,73.3,轻度污染,7,3,夏季
2024-07-31,杭州,华东,30.3,120.2,133.6,49.4,74.5,9.9,24.7,0.99,59.6,轻度污染,7,3,夏季
2024-08-01,杭州,华东,30.3,120.2,32.4,16.1,10.3,3.2,8.1,0.32,8.2,优,8,3,夏季
2024-08-02,杭州,华东,30.3,120.2,139.2,43.0,93.5,8.6,21.5,0.86,74.8,轻度污染,8,3,夏季
2024-08-03,杭州,华东,30.3,120.2,103.3,30.0,72.9,6.0,15.0,0.6,58.3,轻度污染,8,3,夏季
2024-08-04,杭州,华东,30.3,120.2,114.6,38.8,70.5,7.8,19.4,0.78,56.4,轻度污染,8,3,夏季
2024-08-05,杭州,华东,30.3,120.2,116.7,37.6,75.3,7.5,18.8,0.75,60.3,轻度污染,8,3,夏季
2024-08-06,杭州,华东,30.3,120.2,96.7,35.5,54.3,7.1,17.8,0.71,43.4,良,8,3,夏季
2024-08-07,杭州,华东,30.3,120.2,76.3,29.3,40.5,5.9,14.6,0.59,32.4,良,8,3,夏季
2024-08-08,杭州,华东,30.3,120.2,127.0,39.2,85.2,7.8,19.6,0.78,68.2,轻度污染,8,3,夏季
2024-08-09,杭州,华东,30.3,120.2,87.5,33.2,47.0,6.6,16.6,0.66,37.6,良,8,3,夏季
2024-08-10,杭州,华东,30.3,120.2,87.4,37.0,39.9,7.4,18.5,0.74,31.9,良,8,3,夏季
2024-08-11,杭州,华东,30.3,120.2,73.9,29.1,37.8,5.8,14.6,0.58,30.3,良,8,3,夏季
2024-08-12,杭州,华东,30.3,120.2,69.2,24.8,40.0,5.0,12.4,0.5,32.0,良,8,3,夏季
2024-08-13,杭州,华东,30.3,120.2,76.0,22.7,52.4,4.5,11.4,0.45,41.9,良,8,3,夏季
2024-08-14,杭州,华东,30.3,120.2,26.5,9.6,15.2,1.9,4.8,0.19,12.1,优,8,3,夏季
2024-08-15,杭州,华东,30.3,120.2,163.1,57.4,96.3,11.5,28.7,1.15,77.0,中度污染,8,3,夏季
2024-08-16,杭州,华东,30.3,120.2,91.9,32.6,53.8,6.5,16.3,0.65,43.0,良,8,3,夏季
2024-08-17,杭州,华东,30.3,120.2,114.2,36.2,74.8,7.2,18.1,0.72,59.9,轻度污染,8,3,夏季
2024-08-18,杭州,华东,30.3,120.2,75.5,31.6,35.2,6.3,15.8,0.63,28.1,良,8,3,夏季
2024-08-19,杭州,华东,30.3,120.2,120.3,32.4,89.6,6.5,16.2,0.65,71.7,轻度污染,8,3,夏季
2024-08-20,杭州,华东,30.3,120.2,31.7,15.8,10.0,3.2,7.9,0.32,8.0,优,8,3,夏季
2024-08-21,杭州,华东,30.3,120.2,71.6,28.4,36.3,5.7,14.2,0.57,29.1,良,8,3,夏季
2024-08-22,杭州,华东,30.3,120.2,168.2,58.3,101.0,11.7,29.1,1.17,80.8,中度污染,8,3,夏季
2024-08-23,杭州,华东,30.3,120.2,162.7,51.9,106.0,10.4,26.0,1.04,84.8,中度污染,8,3,夏季
2024-08-24,杭州,华东,30.3,120.2,68.9,26.4,36.6,5.3,13.2,0.53,29.3,良,8,3,夏季
2024-08-25,杭州,华东,30.3,120.2,79.6,32.8,37.9,6.6,16.4,0.66,30.3,良,8,3,夏季
2024-08-26,杭州,华东,30.3,120.2,114.1,36.9,73.5,7.4,18.4,0.74,58.8,轻度污染,8,3,夏季
2024-08-27,杭州,华东,30.3,120.2,15.5,5.0,10.0,1.0,2.5,0.1,8.0,优,8,3,夏季
2024-08-28,杭州,华东,30.3,120.2,22.7,8.3,12.9,1.7,4.1,0.17,10.3,优,8,3,夏季
2024-08-29,杭州,华东,30.3,120.2,99.8,43.0,44.2,8.6,21.5,0.86,35.3,良,8,3,夏季
2024-08-30,杭州,华东,30.3,120.2,104.5,43.1,49.8,8.6,21.5,0.86,39.9,轻度污染,8,3,夏季
2024-08-31,杭州,华东,30.3,120.2,51.8,24.5,18.8,4.9,12.2,0.49,15.1,良,8,3,夏季
2024-09-01,杭州,华东,30.3,120.2,115.2,46.0,57.7,9.2,23.0,0.92,46.2,轻度污染,9,3,秋季
2024-09-02,杭州,华东,30.3,120.2,125.9,42.3,78.0,8.5,21.2,0.85,62.4,轻度污染,9,3,秋季
2024-09-03,杭州,华东,30.3,120.2,137.8,50.2,78.1,10.0,25.1,1.0,62.5,轻度污染,9,3,秋季
2024-09-04,杭州,华东,30.3,120.2,128.3,49.0,68.5,9.8,24.5,0.98,54.8,轻度污染,9,3,秋季
2024-09-05,杭州,华东,30.3,120.2,174.4,57.7,109.7,11.5,28.9,1.15,87.8,中度污染,9,3,秋季
2024-09-06,杭州,华东,30.3,120.2,133.8,57.9,58.6,11.6,29.0,1.16,46.9,轻度污染,9,3,秋季
2024-09-07,杭州,华东,30.3,120.2,49.9,22.1,20.8,4.4,11.1,0.44,16.7,优,9,3,秋季
2024-09-08,杭州,华东,30.3,120.2,111.9,43.3,58.6,8.7,21.7,0.87,46.9,轻度污染,9,3,秋季
2024-09-09,杭州,华东,30.3,120.2,206.8,70.8,125.8,14.2,35.4,1.42,100.6,重度污染,9,3,秋季
2024-09-10,杭州,华东,30.3,120.2,53.9,22.6,25.0,4.5,11.3,0.45,20.0,良,9,3,秋季
2024-09-11,杭州,华东,30.3,120.2,74.1,18.5,57.9,3.7,9.2,0.37,46.3,良,9,3,秋季
2024-09-12,杭州,华东,30.3,120.2,138.3,37.4,102.7,7.5,18.7,0.75,82.1,轻度污染,9,3,秋季
2024-09-13,杭州,华东,30.3,120.2,87.1,29.9,52.8,6.0,15.0,0.6,42.2,良,9,3,秋季
2024-09-14,杭州,华东,30.3,120.2,94.6,41.6,40.3,8.3,20.8,0.83,32.2,良,9,3,秋季
2024-09-15,杭州,华东,30.3,120.2,83.6,37.9,33.4,7.6,19.0,0.76,26.7,良,9,3,秋季
2024-09-16,杭州,华东,30.3,120.2,69.0,23.6,42.0,4.7,11.8,0.47,33.6,良,9,3,秋季
2024-09-17,杭州,华东,30.3,120.2,83.8,28.4,51.5,5.7,14.2,0.57,41.2,良,9,3,秋季
2024-09-18,杭州,华东,30.3,120.2,106.3,43.0,52.2,8.6,21.5,0.86,41.8,轻度污染,9,3,秋季
2024-09-19,杭州,华东,30.3,120.2,64.8,26.8,30.8,5.4,13.4,0.54,24.6,良,9,3,秋季
2024-09-20,杭州,华东,30.3,120.2,124.5,50.3,61.4,10.1,25.2,1.01,49.1,轻度污染,9,3,秋季
2024-09-21,杭州,华东,30.3,120.2,137.9,38.8,99.5,7.8,19.4,0.78,79.6,轻度污染,9,3,秋季
2024-09-22,杭州,华东,30.3,120.2,136.0,54.3,68.2,10.9,27.2,1.09,54.5,轻度污染,9,3,秋季
2024-09-23,杭州,华东,30.3,120.2,124.4,40.0,80.5,8.0,20.0,0.8,64.4,轻度污染,9,3,秋季
2024-09-24,杭州,华东,30.3,120.2,84.5,34.5,41.1,6.9,17.2,0.69,32.8,良,9,3,秋季
2024-09-25,杭州,华东,30.3,120.2,192.6,73.1,103.7,14.6,36.5,1.46,82.9,中度污染,9,3,秋季
2024-09-26,杭州,华东,30.3,120.2,151.6,56.1,84.4,11.2,28.0,1.12,67.5,中度污染,9,3,秋季
2024-09-27,杭州,华东,30.3,120.2,66.2,29.5,27.4,5.9,14.7,0.59,22.0,良,9,3,秋季
2024-09-28,杭州,华东,30.3,120.2,163.3,61.0,89.9,12.2,30.5,1.22,71.9,中度污染,9,3,秋季
2024-09-29,杭州,华东,30.3,120.2,112.9,45.8,55.3,9.2,22.9,0.92,44.2,轻度污染,9,3,秋季
2024-09-30,杭州,华东,30.3,120.2,66.3,32.1,22.7,6.4,16.0,0.64,18.2,良,9,3,秋季
2024-10-01,杭州,华东,30.3,120.2,44.9,19.8,19.0,4.0,9.9,0.4,15.2,优,10,4,秋季
2024-10-02,杭州,华东,30.3,120.2,113.0,46.1,54.9,9.2,23.0,0.92,43.9,轻度污染,10,4,秋季
2024-10-03,杭州,华东,30.3,120.2,142.0,54.6,75.1,10.9,27.3,1.09,60.1,轻度污染,10,4,秋季
2024-10-04,杭州,华东,30.3,120.2,138.0,49.3,80.0,9.9,24.7,0.99,64.0,轻度污染,10,4,秋季
2024-10-05,杭州,华东,30.3,120.2,110.0,36.4,69.3,7.3,18.2,0.73,55.4,轻度污染,10,4,秋季
2024-10-06,杭州,华东,30.3,120.2,77.3,32.7,35.3,6.5,16.4,0.65,28.2,良,10,4,秋季
2024-10-07,杭州,华东,30.3,120.2,154.2,47.6,103.3,9.5,23.8,0.95,82.7,中度污染,10,4,秋季
2024-10-08,杭州,华东,30.3,120.2,143.2,50.9,83.6,10.2,25.4,1.02,66.9,轻度污染,10,4,秋季
2024-10-09,杭州,华东,30.3,120.2,152.1,47.1,101.9,9.4,23.5,0.94,81.5,中度污染,10,4,秋季
2024-10-10,杭州,华东,30.3,120.2,115.6,47.7,55.1,9.5,23.9,0.95,44.0,轻度污染,10,4,秋季
2024-10-11,杭州,华东,30.3,120.2,111.9,41.3,62.4,8.3,20.6,0.83,49.9,轻度污染,10,4,秋季
2024-10-12,杭州,华东,30.3,120.2,167.9,60.2,97.1,12.0,30.1,1.2,77.6,中度污染,10,4,秋季
2024-10-13,杭州,华东,30.3,120.2,123.5,46.1,67.9,9.2,23.0,0.92,54.3,轻度污染,10,4,秋季
2024-10-14,杭州,华东,30.3,120.2,188.6,67.5,109.1,13.5,33.8,1.35,87.3,中度污染,10,4,秋季
2024-10-15,杭州,华东,30.3,120.2,39.0,13.5,23.6,2.7,6.7,0.27,18.8,优,10,4,秋季
2024-10-16,杭州,华东,30.3,120.2,78.2,27.6,45.9,5.5,13.8,0.55,36.7,良,10,4,秋季
2024-10-17,杭州,华东,30.3,120.2,133.9,48.7,76.1,9.7,24.4,0.97,60.9,轻度污染,10,4,秋季
2024-10-18,杭州,华东,30.3,120.2,120.2,45.9,64.2,9.2,22.9,0.92,51.3,轻度污染,10,4,秋季
2024-10-19,杭州,华东,30.3,120.2,169.1,55.8,106.6,11.2,27.9,1.12,85.3,中度污染,10,4,秋季
2024-10-20,杭州,华东,30.3,120.2,107.2,47.5,44.9,9.5,23.8,0.95,35.9,轻度污染,10,4,秋季
2024-10-21,杭州,华东,30.3,120.2,166.0,52.7,108.7,10.5,26.3,1.05,86.9,中度污染,10,4,秋季
2024-10-22,杭州,华东,30.3,120.2,169.1,59.3,100.3,11.9,29.6,1.19,80.2,中度污染,10,4,秋季
2024-10-23,杭州,华东,30.3,120.2,88.2,35.1,44.5,7.0,17.6,0.7,35.6,良,10,4,秋季
2024-10-24,杭州,华东,30.3,120.2,99.5,42.4,44.8,8.5,21.2,0.85,35.9,良,10,4,秋季
2024-10-25,杭州,华东,30.3,120.2,127.1,47.7,69.4,9.5,23.9,0.95,55.5,轻度污染,10,4,秋季
2024-10-26,杭州,华东,30.3,120.2,42.6,21.7,12.7,4.3,10.8,0.43,10.1,优,10,4,秋季
2024-10-27,杭州,华东,30.3,120.2,103.6,41.7,51.4,8.3,20.9,0.83,41.1,轻度污染,10,4,秋季
2024-10-28,杭州,华东,30.3,120.2,144.4,57.6,72.5,11.5,28.8,1.15,58.0,轻度污染,10,4,秋季
2024-10-29,杭州,华东,30.3,120.2,90.6,41.0,36.4,8.2,20.5,0.82,29.2,良,10,4,秋季
2024-10-30,杭州,华东,30.3,120.2,133.9,50.0,73.7,10.0,25.0,1.0,58.9,轻度污染,10,4,秋季
2024-10-31,杭州,华东,30.3,120.2,73.2,29.6,36.1,5.9,14.8,0.59,28.8,良,10,4,秋季
2024-11-01,杭州,华东,30.3,120.2,20.3,8.2,10.0,1.6,4.1,0.16,8.0,优,11,4,秋季
2024-11-02,杭州,华东,30.3,120.2,219.2,69.9,142.9,14.0,35.0,1.4,114.3,重度污染,11,4,秋季
2024-11-03,杭州,华东,30.3,120.2,88.7,33.2,48.6,6.6,16.6,0.66,38.8,良,11,4,秋季
2024-11-04,杭州,华东,30.3,120.2,123.0,48.2,63.4,9.6,24.1,0.96,50.7,轻度污染,11,4,秋季
2024-11-05,杭州,华东,30.3,120.2,89.0,34.5,46.6,6.9,17.2,0.69,37.3,良,11,4,秋季
2024-11-06,杭州,华东,30.3,120.2,151.2,56.5,83.1,11.3,28.2,1.13,66.5,中度污染,11,4,秋季
2024-11-07,杭州,华东,30.3,120.2,123.7,45.0,70.3,9.0,22.5,0.9,56.2,轻度污染,11,4,秋季
2024-11-08,杭州,华东,30.3,120.2,156.5,65.8,72.3,13.2,32.9,1.32,57.8,中度污染,11,4,秋季
2024-11-09,杭州,华东,30.3,120.2,90.3,43.0,32.3,8.6,21.5,0.86,25.9,良,11,4,秋季
2024-11-10,杭州,华东,30.3,120.2,124.2,40.7,79.0,8.1,20.3,0.81,63.2,轻度污染,11,4,秋季
2024-11-11,杭州,华东,30.3,120.2,157.2,58.0,87.7,11.6,29.0,1.16,70.2,中度污染,11,4,秋季
2024-11-12,杭州,华东,30.3,120.2,135.3,50.0,75.3,10.0,25.0,1.0,60.2,轻度污染,11,4,秋季
2024-11-13,杭州,华东,30.3,120.2,185.5,65.5,109.1,13.1,32.7,1.31,87.3,中度污染,11,4,秋季
2024-11-14,杭州,华东,30.3,120.2,154.3,55.9,88.0,11.2,28.0,1.12,70.4,中度污染,11,4,秋季
2024-11-15,杭州,华东,30.3,120.2,105.7,40.3,56.6,8.1,20.1,0.81,45.3,轻度污染,11,4,秋季
2024-11-16,杭州,华东,30.3,120.2,146.2,49.1,90.7,9.8,24.5,0.98,72.6,轻度污染,11,4,秋季
2024-11-17,杭州,华东,30.3,120.2,157.8,53.8,96.4,10.8,26.9,1.08,77.2,中度污染,11,4,秋季
2024-11-18,杭州,华东,30.3,120.2,163.1,58.6,93.9,11.7,29.3,1.17,75.1,中度污染,11,4,秋季
2024-11-19,杭州,华东,30.3,120.2,130.6,51.2,67.1,10.2,25.6,1.02,53.7,轻度污染,11,4,秋季
2024-11-20,杭州,华东,30.3,120.2,158.1,55.6,93.3,11.1,27.8,1.11,74.6,中度污染,11,4,秋季
2024-11-21,杭州,华东,30.3,120.2,118.9,46.5,61.4,9.3,23.3,0.93,49.1,轻度污染,11,4,秋季
2024-11-22,杭州,华东,30.3,120.2,114.2,39.4,68.9,7.9,19.7,0.79,55.2,轻度污染,11,4,秋季
2024-11-23,杭州,华东,30.3,120.2,148.6,58.5,76.1,11.7,29.2,1.17,60.9,轻度污染,11,4,秋季
2024-11-24,杭州,华东,30.3,120.2,147.0,50.0,89.9,10.0,25.0,1.0,72.0,轻度污染,11,4,秋季
2024-11-25,杭州,华东,30.3,120.2,66.2,22.1,41.3,4.4,11.1,0.44,33.0,良,11,4,秋季
2024-11-26,杭州,华东,30.3,120.2,113.6,48.7,50.8,9.7,24.3,0.97,40.6,轻度污染,11,4,秋季
2024-11-27,杭州,华东,30.3,120.2,93.4,28.2,63.8,5.6,14.1,0.56,51.0,良,11,4,秋季
2024-11-28,杭州,华东,30.3,120.2,130.6,49.7,70.2,9.9,24.8,0.99,56.2,轻度污染,11,4,秋季
2024-11-29,杭州,华东,30.3,120.2,138.4,49.8,79.7,10.0,24.9,1.0,63.7,轻度污染,11,4,秋季
2024-11-30,杭州,华东,30.3,120.2,126.0,44.8,73.6,9.0,22.4,0.9,58.9,轻度污染,11,4,秋季
2024-12-01,杭州,华东,30.3,120.2,132.6,54.1,64.3,10.8,27.0,1.08,51.5,轻度污染,12,4,冬季
2024-12-02,杭州,华东,30.3,120.2,172.1,63.7,95.6,12.7,31.9,1.27,76.5,中度污染,12,4,冬季
2024-12-03,杭州,华东,30.3,120.2,206.8,73.3,121.2,14.7,36.6,1.47,96.9,重度污染,12,4,冬季
2024-12-04,杭州,华东,30.3,120.2,225.2,74.6,141.6,14.9,37.3,1.49,113.3,重度污染,12,4,冬季
2024-12-05,杭州,华东,30.3,120.2,121.6,42.8,71.7,8.6,21.4,0.86,57.4,轻度污染,12,4,冬季
2024-12-06,杭州,华东,30.3,120.2,182.2,65.9,104.2,13.2,33.0,1.32,83.3,中度污染,12,4,冬季
2024-12-07,杭州,华东,30.3,120.2,156.9,60.2,83.3,12.0,30.1,1.2,66.6,中度污染,12,4,冬季
2024-12-08,杭州,华东,30.3,120.2,194.9,76.9,99.4,15.4,38.4,1.54,79.5,中度污染,12,4,冬季
2024-12-09,杭州,华东,30.3,120.2,164.1,60.0,92.6,12.0,30.0,1.2,74.1,中度污染,12,4,冬季
2024-12-10,杭州,华东,30.3,120.2,89.9,36.0,44.9,7.2,18.0,0.72,35.9,良,12,4,冬季
2024-12-11,杭州,华东,30.3,120.2,86.5,28.5,54.7,5.7,14.3,0.57,43.7,良,12,4,冬季
2024-12-12,杭州,华东,30.3,120.2,173.4,66.0,93.0,13.2,33.0,1.32,74.4,中度污染,12,4,冬季
2024-12-13,杭州,华东,30.3,120.2,184.3,62.8,112.6,12.6,31.4,1.26,90.1,中度污染,12,4,冬季
2024-12-14,杭州,华东,30.3,120.2,145.3,56.6,75.5,11.3,28.3,1.13,60.4,轻度污染,12,4,冬季
2024-12-15,杭州,华东,30.3,120.2,145.8,54.0,81.0,10.8,27.0,1.08,64.8,轻度污染,12,4,冬季
2024-12-16,杭州,华东,30.3,120.2,206.9,75.2,117.6,15.0,37.6,1.5,94.1,重度污染,12,4,冬季
2024-12-17,杭州,华东,30.3,120.2,147.2,55.9,79.1,11.2,28.0,1.12,63.3,轻度污染,12,4,冬季
2024-12-18,杭州,华东,30.3,120.2,139.5,48.1,84.2,9.6,24.1,0.96,67.4,轻度污染,12,4,冬季
2024-12-19,杭州,华东,30.3,120.2,149.2,63.9,66.8,12.8,31.9,1.28,53.4,轻度污染,12,4,冬季
2024-12-20,杭州,华东,30.3,120.2,210.0,76.2,119.7,15.2,38.1,1.52,95.7,重度污染,12,4,冬季
2024-12-21,杭州,华东,30.3,120.2,173.6,70.0,85.7,14.0,35.0,1.4,68.6,中度污染,12,4,冬季
2024-12-22,杭州,华东,30.3,120.2,152.9,56.5,85.1,11.3,28.3,1.13,68.1,中度污染,12,4,冬季
2024-12-23,杭州,华东,30.3,120.2,203.8,72.6,118.6,14.5,36.3,1.45,94.9,重度污染,12,4,冬季
2024-12-24,杭州,华东,30.3,120.2,103.7,43.0,48.9,8.6,21.5,0.86,39.1,轻度污染,12,4,冬季
2024-12-25,杭州,华东,30.3,120.2,202.0,73.6,114.6,14.7,36.8,1.47,91.7,重度污染,12,4,冬季
2024-12-26,杭州,华东,30.3,120.2,187.9,72.2,99.6,14.4,36.1,1.44,79.6,中度污染,12,4,冬季
2024-12-27,杭州,华东,30.3,120.2,183.3,61.7,113.4,12.3,30.8,1.23,90.7,中度污染,12,4,冬季
2024-12-28,杭州,华东,30.3,120.2,210.1,81.2,110.4,16.2,40.6,1.62,88.3,重度污染,12,4,冬季
2024-12-29,杭州,华东,30.3,120.2,205.4,65.9,133.2,13.2,33.0,1.32,106.5,重度污染,12,4,冬季
2024-12-30,杭州,华东,30.3,120.2,215.1,77.4,123.7,15.5,38.7,1.55,99.0,重度污染,12,4,冬季
2024-12-31,杭州,华东,30.3,120.2,148.1,55.5,81.2,11.1,27.7,1.11,64.9,轻度污染,12,4,冬季
